step,epoch,batch,loss,cls_loss,ra_loss,lr
20,1,20,47.36343765258789,0.6581419110298157,46.70529556274414,0.0001
40,1,40,44.986907958984375,0.6966985464096069,44.29021072387695,0.0001
60,1,60,44.336143493652344,0.6762216091156006,43.6599235534668,0.0001
80,1,80,41.42277908325195,0.6649763584136963,40.7578010559082,0.0001
100,1,100,40.030033111572266,0.6179624795913696,39.412071228027344,0.0001
120,1,120,41.357757568359375,0.6041102409362793,40.75364685058594,0.0001
140,1,140,47.28216552734375,0.6604721546173096,46.6216926574707,0.0001
160,1,160,37.95363998413086,0.7385928630828857,37.21504592895508,0.0001
180,1,180,36.86713409423828,0.685444712638855,36.18169021606445,0.0001
200,1,200,36.86199188232422,0.6805223226547241,36.18146896362305,0.0001
220,1,220,37.088443756103516,0.8304144144058228,36.25802993774414,0.0001
240,1,240,36.561214447021484,0.6812056303024292,35.880008697509766,0.0001
260,1,260,36.549137115478516,0.6675114631652832,35.88162612915039,0.0001
280,1,280,36.5340461730957,0.6524263024330139,35.88161849975586,0.0001
300,1,300,49.42186737060547,0.6723202466964722,48.74954605102539,0.0001
320,1,320,41.01247787475586,0.6243019104003906,40.38817596435547,0.0001
340,1,340,35.88016891479492,0.7027426958084106,35.177425384521484,0.0001
360,1,360,35.70286178588867,0.6965597867965698,35.00630187988281,0.0001
380,1,380,35.663238525390625,0.729152262210846,34.934085845947266,0.0001
400,1,400,36.38542938232422,0.6482702493667603,35.737159729003906,0.0001
420,1,420,35.55121994018555,0.6358444690704346,34.915374755859375,0.0001
440,1,440,35.546260833740234,0.7230786085128784,34.82318115234375,0.0001
460,1,460,35.50276184082031,0.6879577040672302,34.81480407714844,0.0001
480,1,480,35.53589630126953,0.6772428750991821,34.8586540222168,0.0001
500,1,500,35.46974182128906,0.6641829013824463,34.80555725097656,0.0001
520,1,520,35.473304748535156,0.6708487868309021,34.80245590209961,0.0001
540,1,540,35.76177215576172,0.634284257888794,35.12748718261719,0.0001
560,1,560,35.80339813232422,0.677936315536499,35.12546157836914,0.0001
580,1,580,35.43336486816406,0.6121507883071899,34.82121276855469,0.0001
600,1,600,35.440303802490234,0.6469617486000061,34.79334259033203,0.0001
620,1,620,35.368961334228516,0.5764498114585876,34.792510986328125,0.0001
640,1,640,35.64333724975586,0.6127668023109436,35.03057098388672,0.0001
660,1,660,35.443572998046875,0.6587041616439819,34.78487014770508,0.0001
680,1,680,35.393959045410156,0.5601454973220825,34.83381271362305,0.0001
700,1,700,35.480804443359375,0.641143262386322,34.83966064453125,0.0001
720,1,720,35.39906311035156,0.6052477359771729,34.79381561279297,0.0001
740,1,740,35.43074035644531,0.6223477125167847,34.80839157104492,0.0001
760,1,760,35.63421630859375,0.7694171667098999,34.86479949951172,0.0001
780,1,780,35.48759841918945,0.6672981977462769,34.8203010559082,0.0001
800,1,800,35.37848663330078,0.6103706359863281,34.76811599731445,0.0001
820,1,820,36.132450103759766,0.6324726939201355,35.499977111816406,0.0001
840,1,840,48.028141021728516,0.6235794425010681,47.40456008911133,0.0001
860,1,860,35.462127685546875,0.6655712723731995,34.79655456542969,0.0001
880,1,880,35.562137603759766,0.7845944166183472,34.77754211425781,0.0001
900,1,900,35.435325622558594,0.6508241891860962,34.78450012207031,0.0001
920,1,920,35.405479431152344,0.6322410106658936,34.77323913574219,0.0001
940,1,940,35.33986282348633,0.5727468729019165,34.76711654663086,0.0001
960,1,960,35.454463958740234,0.6829193830490112,34.77154541015625,0.0001
980,1,980,35.493003845214844,0.7096265554428101,34.78337860107422,0.0001
1000,1,1000,35.47691345214844,0.7077414989471436,34.76917266845703,0.0001
1020,1,1020,35.48149490356445,0.7233929634094238,34.75810241699219,0.0001
1040,1,1040,35.417945861816406,0.6431111693382263,34.77483367919922,0.0001
1060,1,1060,35.35067367553711,0.5868476629257202,34.763824462890625,0.0001
1080,1,1080,35.44032669067383,0.6822251677513123,34.75810241699219,0.0001
1100,1,1100,35.465030670166016,0.7118548154830933,34.753177642822266,0.0001
1120,1,1120,35.46297836303711,0.6808636784553528,34.7821159362793,0.0001
1140,1,1140,35.40531539916992,0.6452364921569824,34.76007843017578,0.0001
1160,1,1160,35.402252197265625,0.6246506571769714,34.77760314941406,0.0001
1180,1,1180,35.37068557739258,0.6203715801239014,34.75031280517578,0.0001
1200,1,1200,35.3076171875,0.551807165145874,34.75580978393555,0.0001
1220,1,1220,35.3970947265625,0.6223632097244263,34.77473068237305,0.0001
1240,1,1240,35.389923095703125,0.6371747255325317,34.75274658203125,0.0001
1260,1,1260,35.395477294921875,0.6466818451881409,34.74879455566406,0.0001
1280,1,1280,35.33738327026367,0.5846734642982483,34.752708435058594,0.0001
1300,1,1300,35.32912826538086,0.5180697441101074,34.811058044433594,0.0001
1320,1,1320,35.33631134033203,0.5843637585639954,34.751949310302734,0.0001
1340,1,1340,35.3470344543457,0.5914616584777832,34.75557327270508,0.0001
1360,1,1360,35.28070068359375,0.5259016752243042,34.754798889160156,0.0001
1380,1,1380,35.30758285522461,0.556997537612915,34.75058364868164,0.0001
1400,1,1400,35.35578918457031,0.6073246002197266,34.74846649169922,0.0001
1420,1,1420,35.44965362548828,0.6785290837287903,34.77112579345703,0.0001
1440,1,1440,35.4415283203125,0.6866372227668762,34.75489044189453,0.0001
1460,1,1460,35.3762092590332,0.6184728741645813,34.75773620605469,0.0001
1480,1,1480,35.36304473876953,0.614891529083252,34.74815368652344,0.0001
1500,1,1500,35.381919860839844,0.6341553926467896,34.747764587402344,0.0001
1520,1,1520,35.49589920043945,0.7451768517494202,34.7507209777832,0.0001
1540,1,1540,35.41061019897461,0.6609578132629395,34.74965286254883,0.0001
1560,1,1560,35.29598617553711,0.5493206977844238,34.746665954589844,0.0001
1580,1,1580,35.334373474121094,0.5885083675384521,34.74586486816406,0.0001
1600,1,1600,35.41197967529297,0.6625418663024902,34.74943923950195,0.0001
1620,1,1620,35.4324836730957,0.6814045906066895,34.75107955932617,0.0001
1640,1,1640,35.313804626464844,0.5642242431640625,34.74958038330078,0.0001
1660,1,1660,35.27142333984375,0.5236133337020874,34.74781036376953,0.0001
1680,1,1680,35.415184020996094,0.660995602607727,34.754188537597656,0.0001
1700,1,1700,35.341339111328125,0.5920090675354004,34.74932861328125,0.0001
1720,1,1720,35.35759735107422,0.6113649010658264,34.74623107910156,0.0001
1740,1,1740,35.35573959350586,0.6104665994644165,34.74527359008789,0.0001
1760,1,1760,35.45866775512695,0.7113996744155884,34.74726867675781,0.0001
1780,1,1780,35.33061599731445,0.5856717824935913,34.74494552612305,0.0001
1800,1,1800,35.29878616333008,0.5524928569793701,34.74629211425781,0.0001
1820,1,1820,35.30461120605469,0.5565357208251953,34.74807357788086,0.0001
1840,1,1840,35.581993103027344,0.7857133150100708,34.79627990722656,0.0001
1860,1,1860,35.32188034057617,0.5746450424194336,34.74723434448242,0.0001
1880,1,1880,35.37641906738281,0.624649167060852,34.75177001953125,0.0001
1900,1,1900,35.34062576293945,0.5967613458633423,34.743865966796875,0.0001
1920,1,1920,35.25295639038086,0.5066361427307129,34.74631881713867,0.0001
1940,1,1940,35.27749252319336,0.5265465974807739,34.750946044921875,0.0001
1960,1,1960,35.301292419433594,0.5452650189399719,34.75602722167969,0.0001
1980,1,1980,35.30595779418945,0.5571338534355164,34.74882507324219,0.0001
2000,1,2000,35.29078674316406,0.5470209121704102,34.74376678466797,0.0001
2020,1,2020,35.29015350341797,0.5432420372962952,34.746910095214844,0.0001
2040,1,2040,35.46281051635742,0.7005434632301331,34.76226806640625,0.0001
2060,1,2060,35.32704162597656,0.583030104637146,34.74401092529297,0.0001
2080,1,2080,35.4337043762207,0.6849043369293213,34.74879837036133,0.0001
2100,1,2100,35.34364318847656,0.5978139638900757,34.74583053588867,0.0001
2120,1,2120,35.36308288574219,0.5938149690628052,34.76926803588867,0.0001
2140,1,2140,35.25361633300781,0.5056318640708923,34.74798583984375,0.0001
2160,1,2160,35.358524322509766,0.6145426034927368,34.743980407714844,0.0001
2180,1,2180,35.39541244506836,0.6450251340866089,34.750389099121094,0.0001
2200,1,2200,35.35363006591797,0.6091824769973755,34.74444580078125,0.0001
2220,1,2220,35.42622756958008,0.6826198101043701,34.74360656738281,0.0001
2240,1,2240,35.370452880859375,0.625333845615387,34.7451171875,0.0001
2260,1,2260,35.38266372680664,0.6390107274055481,34.74365234375,0.0001
2280,1,2280,35.37336730957031,0.625585675239563,34.747779846191406,0.0001
2300,1,2300,35.49107360839844,0.7405263185501099,34.750545501708984,0.0001
2320,1,2320,35.308135986328125,0.5625778436660767,34.74555969238281,0.0001
2340,1,2340,35.21964645385742,0.47121286392211914,34.74843215942383,0.0001
2360,1,2360,35.39065933227539,0.6425281763076782,34.748130798339844,0.0001
2380,1,2380,35.28136444091797,0.5349568128585815,34.74640655517578,0.0001
2400,1,2400,35.312782287597656,0.5680482387542725,34.74473571777344,0.0001
2420,1,2420,35.39604949951172,0.6499865651130676,34.746063232421875,0.0001
2440,1,2440,35.40108871459961,0.6575220823287964,34.743568420410156,0.0001
2460,1,2460,35.28828430175781,0.5438920259475708,34.74439239501953,0.0001
2480,1,2480,35.285858154296875,0.5415492057800293,34.74430847167969,0.0001
2500,1,2500,35.23749542236328,0.49330735206604004,34.74418640136719,0.0001
2520,1,2520,35.31165313720703,0.5644300580024719,34.747222900390625,0.0001
2540,1,2540,35.37174987792969,0.6285476088523865,34.743202209472656,0.0001
2560,1,2560,35.27081298828125,0.5261260271072388,34.744686126708984,0.0001
2580,1,2580,35.23734664916992,0.48381638526916504,34.7535285949707,0.0001
2600,1,2600,35.31145095825195,0.5656817555427551,34.74576950073242,0.0001
2620,1,2620,35.29731369018555,0.552293062210083,34.74502182006836,0.0001
2640,1,2640,35.2723388671875,0.5279518365859985,34.744388580322266,0.0001
2660,1,2660,35.25825500488281,0.5149250030517578,34.74333190917969,0.0001
2680,1,2680,35.31344985961914,0.569464921951294,34.74398422241211,0.0001
2700,1,2700,35.17747116088867,0.43530187010765076,34.74216842651367,0.0001
2720,1,2720,35.28134536743164,0.5377446413040161,34.74359893798828,0.0001
2740,1,2740,35.26713180541992,0.5255564451217651,34.7415771484375,0.0001
2760,1,2760,35.38997268676758,0.644397497177124,34.745574951171875,0.0001
2780,1,2780,35.23307800292969,0.48743417859077454,34.745643615722656,0.0001
2800,1,2800,35.48435974121094,0.7380778789520264,34.746280670166016,0.0001
2820,1,2820,35.19601821899414,0.4531749486923218,34.74284362792969,0.0001
2840,1,2840,35.1240119934082,0.3765711784362793,34.747440338134766,0.0001
2860,1,2860,35.27055740356445,0.5280822515487671,34.74247360229492,0.0001
2880,1,2880,35.141048431396484,0.3961367607116699,34.744911193847656,0.0001
2900,1,2900,35.312538146972656,0.5683591365814209,34.744178771972656,0.0001
2920,1,2920,35.29796600341797,0.5550556182861328,34.74291229248047,0.0001
2940,1,2940,35.32103729248047,0.5784386396408081,34.74259948730469,0.0001
2960,1,2960,41.37604904174805,0.6546380519866943,40.721412658691406,0.0001
2980,1,2980,38.2930908203125,0.6478128433227539,37.64527893066406,0.0001
3000,1,3000,38.12394332885742,0.6726859211921692,37.451255798339844,0.0001
3020,1,3020,36.93678665161133,0.5376225709915161,36.39916229248047,0.0001
3040,1,3040,36.08866500854492,0.5973939299583435,35.49127197265625,0.0001
3060,1,3060,36.75288009643555,0.7422152757644653,36.01066589355469,0.0001
3080,1,3080,35.48173141479492,0.5745705962181091,34.907161712646484,0.0001
3100,1,3100,35.391746520996094,0.6170821189880371,34.77466583251953,0.0001
3120,1,3120,35.366817474365234,0.6118720769882202,34.75494384765625,0.0001
3140,1,3140,37.00981903076172,0.6430858969688416,36.36673355102539,0.0001
3160,1,3160,35.28631591796875,0.5293979644775391,34.756919860839844,0.0001
3180,1,3180,35.4779167175293,0.5813828706741333,34.89653396606445,0.0001
3200,1,3200,35.460838317871094,0.5086987614631653,34.95214080810547,0.0001
3220,1,3220,35.27246856689453,0.4971635639667511,34.775306701660156,0.0001
3240,1,3240,35.440189361572266,0.668827474117279,34.7713623046875,0.0001
3260,1,3260,35.321598052978516,0.5633267760276794,34.758270263671875,0.0001
3280,1,3280,35.51584243774414,0.5940207839012146,34.92182159423828,0.0001
3300,1,3300,35.30696105957031,0.5509982705116272,34.75596237182617,0.0001
3320,1,3320,35.23939895629883,0.49318817257881165,34.746212005615234,0.0001
3340,1,3340,35.42118453979492,0.6745667457580566,34.74661636352539,0.0001
3360,1,3360,35.304012298583984,0.5475720167160034,34.756439208984375,0.0001
3380,1,3380,35.244014739990234,0.5017143487930298,34.74230194091797,0.0001
3400,1,3400,38.55049133300781,0.5741833448410034,37.9763069152832,0.0001
3420,1,3420,35.40186309814453,0.6000874638557434,34.80177688598633,0.0001
3440,1,3440,35.23061752319336,0.4849123954772949,34.745704650878906,0.0001
3460,1,3460,35.230289459228516,0.48118868470191956,34.74909973144531,0.0001
3480,1,3480,35.32138442993164,0.5775795578956604,34.743804931640625,0.0001
3500,1,3500,35.30567169189453,0.5596297383308411,34.74604034423828,0.0001
3520,1,3520,35.32868576049805,0.5831226706504822,34.74556350708008,0.0001
3540,1,3540,35.377811431884766,0.6295572519302368,34.748252868652344,0.0001
3560,1,3560,35.266849517822266,0.5242382287979126,34.742610931396484,0.0001
3580,1,3580,35.271541595458984,0.5288225412368774,34.74271774291992,0.0001
3600,1,3600,35.27977752685547,0.5328669548034668,34.746910095214844,0.0001
3620,1,3620,35.276145935058594,0.5319460034370422,34.74420166015625,0.0001
3640,1,3640,35.363311767578125,0.6158689856529236,34.74744415283203,0.0001
3660,1,3660,35.331729888916016,0.4729357361793518,34.858795166015625,0.0001
3680,1,3680,35.2818717956543,0.53801429271698,34.743858337402344,0.0001
3700,1,3700,35.3490104675293,0.6055505871772766,34.74346160888672,0.0001
3720,1,3720,35.36142349243164,0.6115445494651794,34.7498779296875,0.0001
3740,1,3740,35.30073547363281,0.5456867218017578,34.75504684448242,0.0001
3760,1,3760,35.2260856628418,0.4825875163078308,34.743499755859375,0.0001
3780,1,3780,35.28553771972656,0.5367876291275024,34.748748779296875,0.0001
3800,1,3800,35.40840530395508,0.6626994013786316,34.745704650878906,0.0001
3820,1,3820,35.32307052612305,0.5790808200836182,34.743988037109375,0.0001
3840,1,3840,35.29015350341797,0.5475796461105347,34.74257278442383,0.0001
3860,1,3860,35.370506286621094,0.6263465285301208,34.74415969848633,0.0001
3880,1,3880,35.31705093383789,0.5756437182426453,34.74140548706055,0.0001
3900,1,3900,35.19139862060547,0.4368990957736969,34.75450134277344,0.0001
3920,1,3920,35.240821838378906,0.4986923336982727,34.742130279541016,0.0001
3940,1,3940,35.241310119628906,0.4967493414878845,34.74456024169922,0.0001
3960,1,3960,35.244117736816406,0.5016827583312988,34.742435455322266,0.0001
3980,1,3980,35.417381286621094,0.6745084524154663,34.74287414550781,0.0001
4000,1,4000,35.23287582397461,0.49031001329421997,34.7425651550293,0.0001
4020,1,4020,35.32561492919922,0.582534909248352,34.743080139160156,0.0001
4040,1,4040,35.27766418457031,0.5373260974884033,34.74033737182617,0.0001
4060,1,4060,35.418399810791016,0.6745345592498779,34.743865966796875,0.0001
4080,1,4080,35.154998779296875,0.4094788432121277,34.745521545410156,0.0001
4100,1,4100,35.34018325805664,0.597235381603241,34.74294662475586,0.0001
4120,1,4120,35.340267181396484,0.5976071953773499,34.74266052246094,0.0001
4140,1,4140,35.24016571044922,0.4973568916320801,34.7428092956543,0.0001
4160,1,4160,35.263614654541016,0.5203750133514404,34.74324035644531,0.0001
4180,1,4180,35.410396575927734,0.6662465333938599,34.74414825439453,0.0001
4200,1,4200,35.401519775390625,0.6614001989364624,34.74011993408203,0.0001
4220,1,4220,35.2202033996582,0.4793371260166168,34.740867614746094,0.0001
4240,1,4240,35.25169372558594,0.5101912021636963,34.74150085449219,0.0001
4260,1,4260,35.098167419433594,0.35766860842704773,34.74049758911133,0.0001
4280,1,4280,35.321903228759766,0.5812339782714844,34.74066925048828,0.0001
4300,1,4300,35.231712341308594,0.4907616674900055,34.74095153808594,0.0001
4320,1,4320,35.25830841064453,0.4545132517814636,34.803794860839844,0.0001
4340,1,4340,35.25410461425781,0.513770341873169,34.740333557128906,0.0001
4360,1,4360,35.294620513916016,0.554335355758667,34.74028396606445,0.0001
4380,1,4380,35.111873626708984,0.3705928325653076,34.74127960205078,0.0001
4400,1,4400,35.27898025512695,0.5374894738197327,34.74148941040039,0.0001
4420,1,4420,35.517372131347656,0.7723140716552734,34.74505615234375,0.0001
4440,1,4440,35.251747131347656,0.5064059495925903,34.74534225463867,0.0001
4460,1,4460,35.225791931152344,0.48313087224960327,34.74266052246094,0.0001
4480,1,4480,35.241947174072266,0.5010683536529541,34.74087905883789,0.0001
4500,1,4500,35.20341491699219,0.4609585106372833,34.742454528808594,0.0001
4520,1,4520,35.2629280090332,0.5219792723655701,34.74094772338867,0.0001
4540,1,4540,35.446475982666016,0.7048815488815308,34.74159622192383,0.0001
4560,1,4560,35.40571212768555,0.6657999753952026,34.73991394042969,0.0001
4580,1,4580,35.32386016845703,0.5822372436523438,34.74162292480469,0.0001
4600,1,4600,35.384765625,0.6443389654159546,34.74042510986328,0.0001
4620,1,4620,35.191978454589844,0.45088982582092285,34.7410888671875,0.0001
4640,1,4640,35.32978057861328,0.584613561630249,34.74516677856445,0.0001
4660,1,4660,35.174964904785156,0.43528687953948975,34.73967742919922,0.0001
4680,1,4680,35.07609939575195,0.335939884185791,34.74015808105469,0.0001
4700,1,4700,35.44364929199219,0.7029522061347961,34.74069595336914,0.0001
4720,1,4720,35.233726501464844,0.49255913496017456,34.74116897583008,0.0001
4740,1,4740,35.15914535522461,0.4189029335975647,34.74024200439453,0.0001
4760,2,8,35.49610137939453,0.755975067615509,34.74012756347656,0.0001
4780,2,28,35.37890625,0.6365009546279907,34.74240493774414,0.0001
4800,2,48,35.164581298828125,0.42435702681541443,34.7402229309082,0.0001
4820,2,68,35.250572204589844,0.5101610422134399,34.74040985107422,0.0001
4840,2,88,35.22935485839844,0.48832669854164124,34.74102783203125,0.0001
4860,2,108,35.21703338623047,0.4748798906803131,34.74215316772461,0.0001
4880,2,128,35.41621780395508,0.676176905632019,34.74003982543945,0.0001
4900,2,148,35.108642578125,0.36833542585372925,34.74030685424805,0.0001
4920,2,168,35.26783752441406,0.49387940764427185,34.773956298828125,0.0001
4940,2,188,35.18196105957031,0.4413297772407532,34.740631103515625,0.0001
4960,2,208,35.300376892089844,0.5596091747283936,34.74076843261719,0.0001
4980,2,228,35.22196578979492,0.4818621277809143,34.74010467529297,0.0001
5000,2,248,35.16016387939453,0.4198032021522522,34.740360260009766,0.0001
5020,2,268,35.07156753540039,0.330574095249176,34.74099349975586,0.0001
5040,2,288,35.1001091003418,0.36018186807632446,34.739925384521484,0.0001
5060,2,308,35.21473693847656,0.47150731086730957,34.743228912353516,0.0001
5080,2,328,35.15818786621094,0.4176553189754486,34.74053192138672,0.0001
5100,2,348,35.38571548461914,0.6457030177116394,34.740013122558594,0.0001
5120,2,368,35.20554733276367,0.4634975790977478,34.74205017089844,0.0001
5140,2,388,35.2418098449707,0.5019747614860535,34.73983383178711,0.0001
5160,2,408,35.25767135620117,0.5080863833427429,34.74958419799805,0.0001
5180,2,428,35.34478759765625,0.6011653542518616,34.743621826171875,0.0001
5200,2,448,35.25556564331055,0.5131526589393616,34.74241256713867,0.0001
5220,2,468,35.2344856262207,0.4886707067489624,34.74581527709961,0.0001
5240,2,488,35.31772994995117,0.5414729118347168,34.7762565612793,0.0001
5260,2,508,36.27180480957031,0.5430998802185059,35.72870635986328,0.0001
5280,2,528,35.505767822265625,0.6298762559890747,34.875892639160156,0.0001
5300,2,548,35.392662048339844,0.5923436284065247,34.80031967163086,0.0001
5320,2,568,35.44712448120117,0.6901212930679321,34.75700378417969,0.0001
5340,2,588,35.31755447387695,0.5688013434410095,34.74875259399414,0.0001
5360,2,608,35.418949127197266,0.6727245450019836,34.74622344970703,0.0001
5380,2,628,35.259944915771484,0.5185723304748535,34.741371154785156,0.0001
5400,2,648,35.392601013183594,0.6495153307914734,34.74308395385742,0.0001
5420,2,668,35.42076110839844,0.6794952154159546,34.74126434326172,0.0001
5440,2,688,35.155357360839844,0.4115409255027771,34.74381637573242,0.0001
5460,2,708,35.13452911376953,0.3922196626663208,34.7423095703125,0.0001
5480,2,728,37.629730224609375,0.4476138949394226,37.1821174621582,0.0001
5500,2,748,35.674198150634766,0.48728761076927185,35.18690872192383,0.0001
5520,2,768,35.314178466796875,0.5623868107795715,34.751792907714844,0.0001
5540,2,788,35.316593170166016,0.5697523355484009,34.74684143066406,0.0001
5560,2,808,35.08893585205078,0.3428947925567627,34.74604034423828,0.0001
5580,2,828,35.35557556152344,0.6108112335205078,34.74476623535156,0.0001
5600,2,848,35.26577377319336,0.5190603137016296,34.74671173095703,0.0001
5620,2,868,35.36749267578125,0.6199336051940918,34.74755859375,0.0001
5640,2,888,35.204105377197266,0.4628256559371948,34.74127960205078,0.0001
5660,2,908,35.27457809448242,0.5303986072540283,34.744178771972656,0.0001
5680,2,928,35.183773040771484,0.4396287798881531,34.744144439697266,0.0001
5700,2,948,35.42401123046875,0.674148440361023,34.74986267089844,0.0001
5720,2,968,35.20569610595703,0.4494011402130127,34.75629425048828,0.0001
5740,2,988,35.184791564941406,0.4434664249420166,34.74132537841797,0.0001
5760,2,1008,35.169986724853516,0.42515841126441956,34.74482727050781,0.0001
5780,2,1028,35.21067428588867,0.4657849073410034,34.74488830566406,0.0001
5800,2,1048,35.135719299316406,0.3935015797615051,34.742218017578125,0.0001
5820,2,1068,35.165130615234375,0.4250423312187195,34.740089416503906,0.0001
5840,2,1088,35.16507339477539,0.42270803451538086,34.742366790771484,0.0001
5860,2,1108,35.226898193359375,0.4833380877971649,34.743560791015625,0.0001
5880,2,1128,35.219390869140625,0.477647989988327,34.74174118041992,0.0001
5900,2,1148,35.13197326660156,0.3908759355545044,34.74109649658203,0.0001
5920,2,1168,35.15226745605469,0.4084010124206543,34.743865966796875,0.0001
5940,2,1188,35.1090087890625,0.36942264437675476,34.739585876464844,0.0001
5960,2,1208,35.184696197509766,0.4433479309082031,34.74134826660156,0.0001
5980,2,1228,35.42933654785156,0.6844285726547241,34.74490737915039,0.0001
6000,2,1248,35.268531799316406,0.5281996130943298,34.740333557128906,0.0001
6020,2,1268,35.210777282714844,0.4711885452270508,34.73958969116211,0.0001
6040,2,1288,35.32601547241211,0.5854369401931763,34.740577697753906,0.0001
6060,2,1308,35.210052490234375,0.4687386155128479,34.74131393432617,0.0001
6080,2,1328,35.371883392333984,0.6296049356460571,34.742279052734375,0.0001
6100,2,1348,35.13374328613281,0.3931095004081726,34.74063491821289,0.0001
6120,2,1368,35.53303909301758,0.7920563220977783,34.74098205566406,0.0001
6140,2,1388,35.0789794921875,0.33791446685791016,34.741065979003906,0.0001
6160,2,1408,35.33430480957031,0.594592809677124,34.73971176147461,0.0001
6180,2,1428,35.23080825805664,0.4911966919898987,34.7396125793457,0.0001
6200,2,1448,35.03324508666992,0.2932199537754059,34.74002456665039,0.0001
6220,2,1468,35.1805534362793,0.4406333565711975,34.73992156982422,0.0001
6240,2,1488,35.194339752197266,0.45443668961524963,34.73990249633789,0.0001
6260,2,1508,35.3812255859375,0.6404961347579956,34.74073028564453,0.0001
6280,2,1528,35.27185821533203,0.5316457748413086,34.740211486816406,0.0001
6300,2,1548,35.49502182006836,0.753995418548584,34.74102783203125,0.0001
6320,2,1568,35.286293029785156,0.546743631362915,34.73954772949219,0.0001
6340,2,1588,35.310787200927734,0.5683403015136719,34.74244689941406,0.0001
6360,2,1608,35.2562255859375,0.5165761113166809,34.73965072631836,0.0001
6380,2,1628,35.199501037597656,0.4592342972755432,34.740264892578125,0.0001
6400,2,1648,35.132598876953125,0.39185547828674316,34.74074172973633,0.0001
6420,2,1668,35.16575622558594,0.42587921023368835,34.73987579345703,0.0001
6440,2,1688,35.111656188964844,0.37152281403541565,34.740135192871094,0.0001
6460,2,1708,35.06604766845703,0.3258703351020813,34.740177154541016,0.0001
6480,2,1728,35.149845123291016,0.41002127528190613,34.73982238769531,0.0001
6500,2,1748,34.989479064941406,0.2495454102754593,34.739933013916016,0.0001
6520,2,1768,35.178688049316406,0.43700921535491943,34.74168014526367,0.0001
6540,2,1788,35.269248962402344,0.528498113155365,34.74074935913086,0.0001
6560,2,1808,35.20186233520508,0.4615931808948517,34.74026870727539,0.0001
6580,2,1828,35.3206787109375,0.5802600383758545,34.74041748046875,0.0001
6600,2,1848,35.24181365966797,0.5017766356468201,34.74003601074219,0.0001
6620,2,1868,35.294036865234375,0.5536537766456604,34.74038314819336,0.0001
6640,2,1888,35.0191535949707,0.2794143259525299,34.73973846435547,0.0001
6660,2,1908,35.218101501464844,0.47750210762023926,34.7406005859375,0.0001
6680,2,1928,35.09022521972656,0.3503838777542114,34.73984146118164,0.0001
6700,2,1948,35.175804138183594,0.43589088320732117,34.73991394042969,0.0001
6720,2,1968,35.23732376098633,0.49683254957199097,34.7404899597168,0.0001
6740,2,1988,35.23584747314453,0.4952968955039978,34.74055099487305,0.0001
6760,2,2008,35.225914001464844,0.48602181673049927,34.739891052246094,0.0001
6780,2,2028,35.228355407714844,0.4873692989349365,34.74098587036133,0.0001
6800,2,2048,35.11845779418945,0.37861359119415283,34.739845275878906,0.0001
6820,2,2068,35.174747467041016,0.43393346667289734,34.740814208984375,0.0001
6840,2,2088,35.2198486328125,0.4771900773048401,34.74265670776367,0.0001
6860,2,2108,35.19696044921875,0.45439648628234863,34.7425651550293,0.0001
6880,2,2128,35.13473892211914,0.39476245641708374,34.73997497558594,0.0001
6900,2,2148,35.158607482910156,0.4185422658920288,34.74006652832031,0.0001
6920,2,2168,35.14330291748047,0.40210044384002686,34.74120330810547,0.0001
6940,2,2188,35.2689323425293,0.5293962955474854,34.73953628540039,0.0001
6960,2,2208,35.581329345703125,0.8403313159942627,34.740997314453125,0.0001
6980,2,2228,35.09929275512695,0.3591635227203369,34.74012756347656,0.0001
7000,2,2248,35.08831024169922,0.34612175822257996,34.7421875,0.0001
7020,2,2268,35.0792121887207,0.3391512632369995,34.74006271362305,0.0001
7040,2,2288,35.20785140991211,0.4653801918029785,34.742469787597656,0.0001
7060,2,2308,35.258949279785156,0.5194932222366333,34.73945617675781,0.0001
7080,2,2328,35.09458923339844,0.35532283782958984,34.73926544189453,0.0001
7100,2,2348,35.11749267578125,0.3769916296005249,34.740501403808594,0.0001
7120,2,2368,35.17757797241211,0.43597888946533203,34.741600036621094,0.0001
7140,2,2388,35.334625244140625,0.5933748483657837,34.741249084472656,0.0001
7160,2,2408,35.23555374145508,0.49343428015708923,34.74211883544922,0.0001
7180,2,2428,35.25115203857422,0.5102934837341309,34.74085998535156,0.0001
7200,2,2448,35.37281799316406,0.6326243877410889,34.74019241333008,0.0001
7220,2,2468,35.29229736328125,0.5506904125213623,34.741607666015625,0.0001
7240,2,2488,35.04362487792969,0.3035166263580322,34.740108489990234,0.0001
7260,2,2508,35.09346008300781,0.3540230989456177,34.739437103271484,0.0001
7280,2,2528,35.25986862182617,0.5204583406448364,34.739410400390625,0.0001
7300,2,2548,35.187442779541016,0.4474840760231018,34.739959716796875,0.0001
7320,2,2568,35.183048248291016,0.4428889751434326,34.74015808105469,0.0001
7340,2,2588,35.155189514160156,0.4144825339317322,34.74070739746094,0.0001
7360,2,2608,35.089805603027344,0.3490293323993683,34.74077606201172,0.0001
7380,2,2628,35.112754821777344,0.37329477071762085,34.73945999145508,0.0001
7400,2,2648,35.05864715576172,0.31840813159942627,34.740238189697266,0.0001
7420,2,2668,35.10096740722656,0.36079126596450806,34.740177154541016,0.0001
7440,2,2688,35.23107147216797,0.4903552830219269,34.74071502685547,0.0001
7460,2,2708,34.97628402709961,0.23415212333202362,34.742130279541016,0.0001
7480,2,2728,35.16793441772461,0.4276001751422882,34.740333557128906,0.0001
7500,2,2748,35.153717041015625,0.41373559832572937,34.73998260498047,0.0001
7520,2,2768,35.005767822265625,0.2652643322944641,34.74050521850586,0.0001
7540,2,2788,35.26406478881836,0.5230061411857605,34.741058349609375,0.0001
7560,2,2808,35.30612564086914,0.5659385919570923,34.74018859863281,0.0001
7580,2,2828,35.11026382446289,0.36667171120643616,34.74359130859375,0.0001
7600,2,2848,34.98258590698242,0.24246209859848022,34.7401237487793,0.0001
7620,2,2868,35.11727523803711,0.37714827060699463,34.74012756347656,0.0001
7640,2,2888,35.13749313354492,0.39784613251686096,34.739646911621094,0.0001
7660,2,2908,35.30926513671875,0.5699490308761597,34.739315032958984,0.0001
7680,2,2928,35.119388580322266,0.3796589970588684,34.73973083496094,0.0001
7700,2,2948,35.03742218017578,0.2975097596645355,34.73991394042969,0.0001
7720,2,2968,35.25975036621094,0.5195950865745544,34.74015426635742,0.0001
7740,2,2988,35.33418655395508,0.5943325161933899,34.73985290527344,0.0001
7760,2,3008,35.2977409362793,0.5526349544525146,34.7451057434082,0.0001
7780,2,3028,34.88624954223633,0.1453205794095993,34.740928649902344,0.0001
7800,2,3048,35.10658645629883,0.36597853899002075,34.74060821533203,0.0001
7820,2,3068,35.024444580078125,0.28503289818763733,34.739410400390625,0.0001
7840,2,3088,35.11265182495117,0.3729311227798462,34.73971939086914,0.0001
7860,2,3108,35.156883239746094,0.41690558195114136,34.7399787902832,0.0001
7880,2,3128,35.1293830871582,0.3897881507873535,34.739593505859375,0.0001
7900,2,3148,35.276084899902344,0.5361804962158203,34.739906311035156,0.0001
7920,2,3168,34.891746520996094,0.15005315840244293,34.74169158935547,0.0001
7940,2,3188,35.23018264770508,0.48905590176582336,34.741127014160156,0.0001
7960,2,3208,34.97361755371094,0.2330540120601654,34.740562438964844,0.0001
7980,2,3228,35.07707214355469,0.3363492488861084,34.74072265625,0.0001
8000,2,3248,35.164398193359375,0.4243830144405365,34.74001693725586,0.0001
8020,2,3268,35.08076858520508,0.340059757232666,34.74070739746094,0.0001
8040,2,3288,35.23141098022461,0.46414318680763245,34.767269134521484,0.0001
8060,2,3308,35.219905853271484,0.48041316866874695,34.73949432373047,0.0001
8080,2,3328,35.24315643310547,0.5027905702590942,34.74036407470703,0.0001
8100,2,3348,35.208194732666016,0.46869444847106934,34.739501953125,0.0001
8120,2,3368,35.07491683959961,0.33406978845596313,34.740848541259766,0.0001
8140,2,3388,35.15192794799805,0.41266748309135437,34.739261627197266,0.0001
8160,2,3408,35.05171585083008,0.3121027648448944,34.7396125793457,0.0001
8180,2,3428,34.981964111328125,0.2421697974205017,34.73979568481445,0.0001
8200,2,3448,35.15755844116211,0.41704827547073364,34.740509033203125,0.0001
8220,2,3468,35.22079849243164,0.4798406660556793,34.74095916748047,0.0001
8240,2,3488,35.01005172729492,0.269974023103714,34.74007797241211,0.0001
8260,2,3508,34.95553970336914,0.21610146760940552,34.739437103271484,0.0001
8280,2,3528,35.17155456542969,0.43146833777427673,34.74008560180664,0.0001
8300,2,3548,35.02372741699219,0.2834782600402832,34.74024963378906,0.0001
8320,2,3568,35.10851287841797,0.36816561222076416,34.74034881591797,0.0001
8340,2,3588,35.20046615600586,0.4604686498641968,34.73999786376953,0.0001
8360,2,3608,35.03308868408203,0.29348886013031006,34.739601135253906,0.0001
8380,2,3628,34.95024871826172,0.21079902350902557,34.73944854736328,0.0001
8400,2,3648,35.045013427734375,0.304684579372406,34.74032974243164,0.0001
8420,2,3668,35.104488372802734,0.36506739258766174,34.73942184448242,0.0001
8440,2,3688,35.11214065551758,0.37251535058021545,34.7396240234375,0.0001
8460,2,3708,35.13059997558594,0.389939546585083,34.74066162109375,0.0001
8480,2,3728,35.0694580078125,0.3296259045600891,34.73983383178711,0.0001
8500,2,3748,35.33280563354492,0.5926117897033691,34.74019241333008,0.0001
8520,2,3768,34.996273040771484,0.25692275166511536,34.739349365234375,0.0001
8540,2,3788,35.07733917236328,0.3379647731781006,34.739376068115234,0.0001
8560,2,3808,35.11528778076172,0.3753699064254761,34.73991775512695,0.0001
8580,2,3828,35.07147216796875,0.33135247230529785,34.74011993408203,0.0001
8600,2,3848,34.90118408203125,0.1609671264886856,34.74021530151367,0.0001
8620,2,3868,35.170841217041016,0.4306221604347229,34.74021911621094,0.0001
8640,2,3888,35.06959533691406,0.32984936237335205,34.73974609375,0.0001
8660,2,3908,35.184242248535156,0.4445943832397461,34.739646911621094,0.0001
8680,2,3928,35.039127349853516,0.2994177043437958,34.739707946777344,0.0001
8700,2,3948,35.18220520019531,0.4423586130142212,34.739845275878906,0.0001
8720,2,3968,35.10142135620117,0.3620581030845642,34.73936462402344,0.0001
8740,2,3988,34.95188903808594,0.21255618333816528,34.73933410644531,0.0001
8760,2,4008,35.06272506713867,0.32275503873825073,34.73997116088867,0.0001
8780,2,4028,34.97884750366211,0.23916412889957428,34.73968505859375,0.0001
8800,2,4048,35.3548469543457,0.6150466203689575,34.73979949951172,0.0001
8820,2,4068,35.083045959472656,0.34345200657844543,34.739593505859375,0.0001
8840,2,4088,35.02049255371094,0.2810923755168915,34.73939895629883,0.0001
8860,2,4108,35.34299850463867,0.6029927134513855,34.74000549316406,0.0001
8880,2,4128,35.22404098510742,0.48262110352516174,34.74142074584961,0.0001
8900,2,4148,35.413856506347656,0.5546402335166931,34.859214782714844,0.0001
8920,2,4168,34.9879150390625,0.24763548374176025,34.74028015136719,0.0001
8940,2,4188,35.15423583984375,0.4045252203941345,34.74971008300781,0.0001
8960,2,4208,35.091773986816406,0.3517780303955078,34.739994049072266,0.0001
8980,2,4228,35.09373092651367,0.3497154414653778,34.744014739990234,0.0001
9000,2,4248,35.151363372802734,0.40967780351638794,34.74168395996094,0.0001
9020,2,4268,35.068382263183594,0.32865625619888306,34.73972702026367,0.0001
9040,2,4288,35.03965759277344,0.2999444007873535,34.73971176147461,0.0001
9060,2,4308,35.10749435424805,0.36738526821136475,34.740108489990234,0.0001
9080,2,4328,34.957889556884766,0.21727287769317627,34.74061584472656,0.0001
9100,2,4348,35.175514221191406,0.4357360005378723,34.739776611328125,0.0001
9120,2,4368,35.07499694824219,0.3356866240501404,34.73931121826172,0.0001
9140,2,4388,35.02375793457031,0.2840416431427002,34.739715576171875,0.0001
9160,2,4408,35.103946685791016,0.3638114035129547,34.740135192871094,0.0001
9180,2,4428,35.084327697753906,0.3433189392089844,34.74100875854492,0.0001
9200,2,4448,35.500205993652344,0.7595838308334351,34.740623474121094,0.0001
9220,2,4468,35.119300842285156,0.37966078519821167,34.73963928222656,0.0001
9240,2,4488,35.21527099609375,0.4759151339530945,34.739356994628906,0.0001
9260,2,4508,35.05998611450195,0.3198067545890808,34.74018096923828,0.0001
9280,2,4528,35.013946533203125,0.2747953534126282,34.73915100097656,0.0001
9300,2,4548,35.18499755859375,0.445421040058136,34.73957824707031,0.0001
9320,2,4568,35.0494384765625,0.309984415769577,34.73945236206055,0.0001
9340,2,4588,34.980133056640625,0.2402217984199524,34.73991012573242,0.0001
9360,2,4608,34.97399139404297,0.23429268598556519,34.73970031738281,0.0001
9380,2,4628,35.118385314941406,0.3782477080821991,34.74013900756836,0.0001
9400,2,4648,35.20948791503906,0.46917104721069336,34.740318298339844,0.0001
9420,2,4668,35.162532806396484,0.4225548803806305,34.7399787902832,0.0001
9440,2,4688,35.13161849975586,0.39174187183380127,34.73987579345703,0.0001
9460,2,4708,35.17284393310547,0.4328420162200928,34.7400016784668,0.0001
9480,2,4728,35.17052459716797,0.4301762878894806,34.74034881591797,0.0001
9500,2,4748,35.21352767944336,0.47333860397338867,34.74018859863281,0.0001
9520,3,16,35.1400260925293,0.4005606770515442,34.739463806152344,0.0001
9540,3,36,35.131370544433594,0.39205992221832275,34.73931121826172,0.0001
9560,3,56,35.09697341918945,0.35738080739974976,34.739593505859375,0.0001
9580,3,76,35.154666900634766,0.4143678545951843,34.740299224853516,0.0001
9600,3,96,35.26273727416992,0.5232430696487427,34.73949432373047,0.0001
9620,3,116,35.01150131225586,0.27209973335266113,34.739402770996094,0.0001
9640,3,136,35.179012298583984,0.4395798444747925,34.73943328857422,0.0001
9660,3,156,35.11626434326172,0.37533289194107056,34.74093246459961,0.0001
9680,3,176,35.09543991088867,0.35398992896080017,34.741451263427734,0.0001
9700,3,196,35.188865661621094,0.44931483268737793,34.73955154418945,0.0001
9720,3,216,35.07102584838867,0.330854594707489,34.740169525146484,0.0001
9740,3,236,34.957454681396484,0.2173026204109192,34.740150451660156,0.0001
9760,3,256,34.94687271118164,0.20680081844329834,34.74007034301758,0.0001
9780,3,276,35.049781799316406,0.30970603227615356,34.740074157714844,0.0001
9800,3,296,35.11996078491211,0.38029032945632935,34.73966979980469,0.0001
9820,3,316,34.97920227050781,0.23938828706741333,34.73981475830078,0.0001
9840,3,336,34.99141311645508,0.2516074478626251,34.73980712890625,0.0001
9860,3,356,34.94425964355469,0.20494811236858368,34.73931121826172,0.0001
9880,3,376,35.14946365356445,0.41036105155944824,34.73910140991211,0.0001
9900,3,396,35.2027587890625,0.4628405272960663,34.73991775512695,0.0001
9920,3,416,34.99812698364258,0.25865432620048523,34.739471435546875,0.0001
9940,3,436,35.03950119018555,0.2999005913734436,34.739601135253906,0.0001
9960,3,456,35.052555084228516,0.31309977173805237,34.73945617675781,0.0001
9980,3,476,35.072383880615234,0.3329724669456482,34.739410400390625,0.0001
10000,3,496,35.05261993408203,0.31286588311195374,34.73975372314453,0.0001
10020,3,516,35.41993713378906,0.6801660060882568,34.73977279663086,0.0001
10040,3,536,34.989234924316406,0.24868802726268768,34.74054718017578,0.0001
10060,3,556,34.97004699707031,0.23004987835884094,34.73999786376953,0.0001
10080,3,576,35.018043518066406,0.2781715989112854,34.739871978759766,0.0001
10100,3,596,35.0752067565918,0.33535364270210266,34.73985290527344,0.0001
10120,3,616,35.06220626831055,0.32270893454551697,34.739498138427734,0.0001
10140,3,636,35.08790969848633,0.2734881341457367,34.814422607421875,0.0001
10160,3,656,35.31072998046875,0.5618895888328552,34.74884033203125,0.0001
10180,3,676,35.32276916503906,0.5797373652458191,34.7430305480957,0.0001
10200,3,696,34.9965934753418,0.23847931623458862,34.758113861083984,0.0001
10220,3,716,35.013221740722656,0.2720606327056885,34.74116134643555,0.0001
10240,3,736,35.0437126159668,0.3028401732444763,34.74087142944336,0.0001
10260,3,756,35.05626678466797,0.3153170943260193,34.74095153808594,0.0001
10280,3,776,35.229393005371094,0.4892258644104004,34.74016571044922,0.0001
10300,3,796,35.092124938964844,0.3495979309082031,34.74252700805664,0.0001
10320,3,816,35.10759735107422,0.36675959825515747,34.74083709716797,0.0001
10340,3,836,35.030059814453125,0.287503182888031,34.742557525634766,0.0001
10360,3,856,35.105690002441406,0.3646047115325928,34.741085052490234,0.0001
10380,3,876,34.989376068115234,0.24799010157585144,34.74138641357422,0.0001
10400,3,896,35.237979888916016,0.4978463053703308,34.740135192871094,0.0001
10420,3,916,35.04899215698242,0.3088141083717346,34.740177154541016,0.0001
10440,3,936,35.121490478515625,0.3810984492301941,34.74039077758789,0.0001
10460,3,956,35.04072570800781,0.3004133403301239,34.74031066894531,0.0001
10480,3,976,35.03312301635742,0.29337677359580994,34.73974609375,0.0001
10500,3,996,35.211116790771484,0.47106024622917175,34.740055084228516,0.0001
10520,3,1016,35.03412628173828,0.2942458689212799,34.7398796081543,0.0001
10540,3,1036,35.0144157409668,0.27480557560920715,34.73960876464844,0.0001
10560,3,1056,35.00785446166992,0.2672315239906311,34.740623474121094,0.0001
10580,3,1076,34.97989273071289,0.2396644800901413,34.74022674560547,0.0001
10600,3,1096,34.973270416259766,0.23346535861492157,34.739803314208984,0.0001
10620,3,1116,34.876075744628906,0.1362454742193222,34.739830017089844,0.0001
10640,3,1136,35.091156005859375,0.3487579822540283,34.74239730834961,0.0001
10660,3,1156,35.01756286621094,0.2777906358242035,34.73977279663086,0.0001
10680,3,1176,35.134857177734375,0.39445024728775024,34.74040603637695,0.0001
10700,3,1196,35.230960845947266,0.4913769066333771,34.73958206176758,0.0001
10720,3,1216,34.96669387817383,0.22652530670166016,34.740169525146484,0.0001
10740,3,1236,35.15096664428711,0.4109387695789337,34.740028381347656,0.0001
10760,3,1256,35.09367370605469,0.3544542193412781,34.739219665527344,0.0001
10780,3,1276,35.042457580566406,0.3022109866142273,34.7402458190918,0.0001
10800,3,1296,35.12220764160156,0.38223883509635925,34.739967346191406,0.0001
10820,3,1316,35.0090446472168,0.2669028341770172,34.74214172363281,0.0001
10840,3,1336,35.09075927734375,0.3496546447277069,34.74110412597656,0.0001
10860,3,1356,35.20762252807617,0.4676985740661621,34.739925384521484,0.0001
10880,3,1376,35.149837493896484,0.4099551737308502,34.73988342285156,0.0001
10900,3,1396,34.916622161865234,0.17596560716629028,34.740657806396484,0.0001
10920,3,1416,34.902950286865234,0.16355113685131073,34.73939895629883,0.0001
10940,3,1436,34.85251998901367,0.11335372924804688,34.739166259765625,0.0001
10960,3,1456,35.02418518066406,0.28231722116470337,34.74186706542969,0.0001
10980,3,1476,34.920162200927734,0.18079662322998047,34.73936462402344,0.0001
11000,3,1496,35.15025329589844,0.4109477698802948,34.73930740356445,0.0001
11020,3,1516,35.10078811645508,0.3609597682952881,34.739830017089844,0.0001
11040,3,1536,35.02703094482422,0.28775620460510254,34.73927307128906,0.0001
11060,3,1556,35.62514877319336,0.8857106566429138,34.739437103271484,0.0001
11080,3,1576,34.976810455322266,0.2373695969581604,34.73944091796875,0.0001
11100,3,1596,35.042850494384766,0.30239158868789673,34.74045944213867,0.0001
11120,3,1616,35.03829574584961,0.29910463094711304,34.739192962646484,0.0001
11140,3,1636,35.032310485839844,0.2923164963722229,34.739994049072266,0.0001
11160,3,1656,35.05351638793945,0.3142286539077759,34.739288330078125,0.0001
11180,3,1676,35.1641960144043,0.42452067136764526,34.73967361450195,0.0001
11200,3,1696,35.1033821105957,0.36413541436195374,34.7392463684082,0.0001
11220,3,1716,35.30560302734375,0.5661912560462952,34.739410400390625,0.0001
11240,3,1736,35.171077728271484,0.43128544092178345,34.73979187011719,0.0001
11260,3,1756,35.15483856201172,0.41469699144363403,34.740142822265625,0.0001
11280,3,1776,34.97817611694336,0.23841501772403717,34.73976135253906,0.0001
11300,3,1796,35.15345001220703,0.4136912524700165,34.7397575378418,0.0001
11320,3,1816,34.89765930175781,0.1585480123758316,34.739112854003906,0.0001
11340,3,1836,35.182334899902344,0.44319987297058105,34.7391357421875,0.0001
11360,3,1856,35.1686897277832,0.42952466011047363,34.739166259765625,0.0001
11380,3,1876,35.05689239501953,0.3176571726799011,34.739234924316406,0.0001
11400,3,1896,35.02159118652344,0.2825447618961334,34.73904800415039,0.0001
11420,3,1916,34.94648742675781,0.2066086083650589,34.7398796081543,0.0001
11440,3,1936,35.29974365234375,0.5605012774467468,34.73924255371094,0.0001
11460,3,1956,34.93699264526367,0.19755855202674866,34.73943328857422,0.0001
11480,3,1976,35.26012420654297,0.5211517810821533,34.73897171020508,0.0001
11500,3,1996,35.03055953979492,0.29155343770980835,34.73900604248047,0.0001
11520,3,2016,35.5019645690918,0.762367844581604,34.73959732055664,0.0001
11540,3,2036,35.11814880371094,0.37761104106903076,34.74053955078125,0.0001
11560,3,2056,35.098487854003906,0.35907191038131714,34.73941421508789,0.0001
11580,3,2076,35.0029182434082,0.2639036774635315,34.739013671875,0.0001
11600,3,2096,35.04393768310547,0.3047965168952942,34.739139556884766,0.0001
11620,3,2116,35.00038146972656,0.2608915865421295,34.7394905090332,0.0001
11640,3,2136,34.92454147338867,0.18496355414390564,34.73957824707031,0.0001
11660,3,2156,35.00279235839844,0.2638017535209656,34.738990783691406,0.0001
11680,3,2176,34.978736877441406,0.23901982605457306,34.739715576171875,0.0001
11700,3,2196,35.06001281738281,0.32101890444755554,34.73899459838867,0.0001
11720,3,2216,34.961666107177734,0.22262336313724518,34.739044189453125,0.0001
11740,3,2236,35.217403411865234,0.4782869815826416,34.73911666870117,0.0001
11760,3,2256,35.04417419433594,0.30035391449928284,34.74382019042969,0.0001
11780,3,2276,34.93642807006836,0.19691473245620728,34.7395133972168,0.0001
11800,3,2296,35.19244384765625,0.45321083068847656,34.73923110961914,0.0001
11820,3,2316,34.889060974121094,0.14852991700172424,34.74053192138672,0.0001
11840,3,2336,35.16050720214844,0.42140066623687744,34.739105224609375,0.0001
11860,3,2356,35.141571044921875,0.40165457129478455,34.73991775512695,0.0001
11880,3,2376,34.90745162963867,0.16844917833805084,34.7390022277832,0.0001
11900,3,2396,34.982242584228516,0.2422441691160202,34.73999786376953,0.0001
11920,3,2416,35.0523796081543,0.31309980154037476,34.739280700683594,0.0001
11940,3,2436,35.05582809448242,0.3162837028503418,34.73954391479492,0.0001
11960,3,2456,35.1754035949707,0.4360502064228058,34.73935317993164,0.0001
11980,3,2476,34.920196533203125,0.18079572916030884,34.73939895629883,0.0001
12000,3,2496,35.02442932128906,0.28535985946655273,34.739070892333984,0.0001
12020,3,2516,35.13624572753906,0.39650624990463257,34.73973846435547,0.0001
12040,3,2536,35.42741394042969,0.6884670853614807,34.73894500732422,0.0001
12060,3,2556,34.81547927856445,0.0762118548154831,34.7392692565918,0.0001
12080,3,2576,34.91481399536133,0.1757952868938446,34.739017486572266,0.0001
12100,3,2596,35.045753479003906,0.3065236210823059,34.73923110961914,0.0001
12120,3,2616,34.915767669677734,0.17657603323459625,34.739192962646484,0.0001
12140,3,2636,35.03615951538086,0.29688456654548645,34.73927307128906,0.0001
12160,3,2656,34.905906677246094,0.16645225882530212,34.73945617675781,0.0001
12180,3,2676,35.00477600097656,0.26565128564834595,34.7391242980957,0.0001
12200,3,2696,34.91801834106445,0.17896389961242676,34.73905563354492,0.0001
12220,3,2716,34.88916015625,0.1500227451324463,34.7391357421875,0.0001
12240,3,2736,34.909385681152344,0.1687515527009964,34.74063491821289,0.0001
12260,3,2756,35.0155029296875,0.27621588110923767,34.739288330078125,0.0001
12280,3,2776,35.0064697265625,0.266846626996994,34.7396240234375,0.0001
12300,3,2796,35.10426330566406,0.36465296149253845,34.73960876464844,0.0001
12320,3,2816,35.00908279418945,0.269369900226593,34.73971176147461,0.0001
12340,3,2836,35.05458450317383,0.31542059779167175,34.73916244506836,0.0001
12360,3,2856,34.92197799682617,0.1815468817949295,34.74043273925781,0.0001
12380,3,2876,34.97919845581055,0.23948031663894653,34.73971939086914,0.0001
12400,3,2896,34.89553451538086,0.15625423192977905,34.739280700683594,0.0001
12420,3,2916,34.93637466430664,0.19717392325401306,34.739200592041016,0.0001
12440,3,2936,35.09362030029297,0.352830171585083,34.74079132080078,0.0001
12460,3,2956,34.95979690551758,0.2206742763519287,34.7391242980957,0.0001
12480,3,2976,34.95199966430664,0.2126736044883728,34.73932647705078,0.0001
12500,3,2996,35.13399887084961,0.39448970556259155,34.73950958251953,0.0001
12520,3,3016,35.032222747802734,0.29285162687301636,34.73937225341797,0.0001
12540,3,3036,35.00041198730469,0.2612852454185486,34.73912811279297,0.0001
12560,3,3056,35.01290512084961,0.2737066149711609,34.73919677734375,0.0001
12580,3,3076,34.983917236328125,0.2441251128911972,34.73979187011719,0.0001
12600,3,3096,35.1148567199707,0.3747551441192627,34.7401008605957,0.0001
12620,3,3116,35.054176330566406,0.3148469924926758,34.73933029174805,0.0001
12640,3,3136,34.98430252075195,0.2441839873790741,34.74011993408203,0.0001
12660,3,3156,34.83716583251953,0.09798887372016907,34.73917770385742,0.0001
12680,3,3176,34.95148468017578,0.21176967024803162,34.739715576171875,0.0001
12700,3,3196,34.947044372558594,0.20686981081962585,34.74017333984375,0.0001
12720,3,3216,34.87331771850586,0.13383495807647705,34.73948287963867,0.0001
12740,3,3236,34.975704193115234,0.23635666072368622,34.739349365234375,0.0001
12760,3,3256,34.90517044067383,0.16572149097919464,34.73944854736328,0.0001
12780,3,3276,35.086029052734375,0.346632719039917,34.73939514160156,0.0001
12800,3,3296,35.02370834350586,0.2843035161495209,34.73940658569336,0.0001
12820,3,3316,34.87518310546875,0.13585704565048218,34.73932647705078,0.0001
12840,3,3336,35.0448112487793,0.30284732580184937,34.74196243286133,0.0001
12860,3,3356,35.15005874633789,0.41093090176582336,34.73912811279297,0.0001
12880,3,3376,35.116554260253906,0.3750461935997009,34.74150848388672,0.0001
12900,3,3396,35.130821228027344,0.3903718888759613,34.740447998046875,0.0001
12920,3,3416,34.948936462402344,0.2096959799528122,34.73923873901367,0.0001
12940,3,3436,34.804664611816406,0.06562834978103638,34.739036560058594,0.0001
12960,3,3456,34.91706848144531,0.17813125252723694,34.73893737792969,0.0001
12980,3,3476,35.04072952270508,0.3018234074115753,34.73890686035156,0.0001
13000,3,3496,35.014739990234375,0.2755770683288574,34.73916244506836,0.0001
13020,3,3516,35.1019172668457,0.362252414226532,34.73966598510742,0.0001
13040,3,3536,34.953311920166016,0.21425789594650269,34.73905563354492,0.0001
13060,3,3556,34.831295013427734,0.09172894060611725,34.739566802978516,0.0001
13080,3,3576,35.063961029052734,0.3248525857925415,34.73910903930664,0.0001
13100,3,3596,34.973262786865234,0.23438537120819092,34.73887634277344,0.0001
13120,3,3616,34.95844650268555,0.2193852812051773,34.73905944824219,0.0001
13140,3,3636,34.95283508300781,0.21354618668556213,34.739288330078125,0.0001
13160,3,3656,34.89634323120117,0.157033771276474,34.73931121826172,0.0001
13180,3,3676,34.87599182128906,0.1359177976846695,34.740074157714844,0.0001
13200,3,3696,34.97344970703125,0.2343699187040329,34.739078521728516,0.0001
13220,3,3716,35.270286560058594,0.5312260985374451,34.73905944824219,0.0001
13240,3,3736,35.00541687011719,0.2662547528743744,34.73916244506836,0.0001
13260,3,3756,35.02250289916992,0.2835034728050232,34.73899841308594,0.0001
13280,3,3776,34.85503005981445,0.11588793247938156,34.73914337158203,0.0001
13300,3,3796,35.03407287597656,0.2949892580509186,34.73908233642578,0.0001
13320,3,3816,34.95624542236328,0.2170598953962326,34.73918533325195,0.0001
13340,3,3836,34.999916076660156,0.26055020093917847,34.73936462402344,0.0001
13360,3,3856,35.0262336730957,0.2869454622268677,34.739288330078125,0.0001
13380,3,3876,35.179744720458984,0.4403221905231476,34.73942184448242,0.0001
13400,3,3896,34.9820442199707,0.24210160970687866,34.73994445800781,0.0001
13420,3,3916,35.01582717895508,0.2768635153770447,34.73896408081055,0.0001
13440,3,3936,34.959720611572266,0.21956069767475128,34.74015808105469,0.0001
13460,3,3956,34.84634780883789,0.10729531943798065,34.739051818847656,0.0001
13480,3,3976,34.936370849609375,0.19676311314105988,34.73960876464844,0.0001
13500,3,3996,35.000003814697266,0.2608411908149719,34.73916244506836,0.0001
13520,3,4016,35.17776107788086,0.4386966824531555,34.73906326293945,0.0001
13540,3,4036,35.04989242553711,0.31076446175575256,34.73912811279297,0.0001
13560,3,4056,34.8815803527832,0.14245200157165527,34.73912811279297,0.0001
13580,3,4076,34.889404296875,0.15019094944000244,34.73921203613281,0.0001
13600,3,4096,35.05632400512695,0.317236989736557,34.73908615112305,0.0001
13620,3,4116,34.98359298706055,0.24436381459236145,34.739227294921875,0.0001
13640,3,4136,34.935516357421875,0.19617187976837158,34.73934555053711,0.0001
13660,3,4156,35.10570526123047,0.3667180836200714,34.73898696899414,0.0001
13680,3,4176,35.058685302734375,0.31934070587158203,34.73934555053711,0.0001
13700,3,4196,35.105037689208984,0.36552542448043823,34.7395133972168,0.0001
13720,3,4216,34.86106491088867,0.12181991338729858,34.7392463684082,0.0001
13740,3,4236,34.97595977783203,0.22951585054397583,34.74644470214844,0.0001
13760,3,4256,36.421451568603516,0.3984537720680237,36.02299880981445,0.0001
13780,3,4276,35.61077880859375,0.44724103808403015,35.163536071777344,0.0001
13800,3,4296,35.14619827270508,0.3970264494419098,34.74917221069336,0.0001
13820,3,4316,35.15122604370117,0.3946145176887512,34.75661087036133,0.0001
13840,3,4336,35.309906005859375,0.5600603818893433,34.749847412109375,0.0001
13860,3,4356,34.959285736083984,0.21976064145565033,34.739524841308594,0.0001
13880,3,4376,35.131065368652344,0.3911125361919403,34.739952087402344,0.0001
13900,3,4396,35.20588684082031,0.46619346737861633,34.73969268798828,0.0001
13920,3,4416,34.97606658935547,0.23580098152160645,34.740264892578125,0.0001
13940,3,4436,35.08187484741211,0.3420502245426178,34.73982620239258,0.0001
13960,3,4456,34.904518127441406,0.16502022743225098,34.739498138427734,0.0001
13980,3,4476,35.13783264160156,0.39883583784103394,34.73899841308594,0.0001
14000,3,4496,35.1136360168457,0.3739725947380066,34.739662170410156,0.0001
14020,3,4516,34.97061538696289,0.23045650124549866,34.74015808105469,0.0001
14040,3,4536,34.89764404296875,0.1573011875152588,34.74034118652344,0.0001
14060,3,4556,35.366676330566406,0.6275420188903809,34.7391357421875,0.0001
14080,3,4576,35.032752990722656,0.29327619075775146,34.73947525024414,0.0001
14100,3,4596,35.080177307128906,0.340894877910614,34.739280700683594,0.0001
14120,3,4616,35.007930755615234,0.2685732841491699,34.739356994628906,0.0001
14140,3,4636,34.94043731689453,0.2012082040309906,34.739227294921875,0.0001
14160,3,4656,35.175411224365234,0.4361153841018677,34.739295959472656,0.0001
14180,3,4676,35.29450225830078,0.5553988814353943,34.739105224609375,0.0001
14200,3,4696,34.90153884887695,0.1623518466949463,34.73918533325195,0.0001
14220,3,4716,35.115272521972656,0.3756028413772583,34.73966979980469,0.0001
14240,3,4736,34.94758224487305,0.20813584327697754,34.739444732666016,0.0001
14260,4,4,35.15034484863281,0.40788018703460693,34.74246597290039,0.0001
14280,4,24,35.00636672973633,0.26679012179374695,34.73957824707031,0.0001
14300,4,44,35.075775146484375,0.3362407088279724,34.73953628540039,0.0001
14320,4,64,35.055908203125,0.3163575530052185,34.73955154418945,0.0001
14340,4,84,35.144317626953125,0.4050556421279907,34.739261627197266,0.0001
14360,4,104,34.962337493896484,0.22318759560585022,34.73915100097656,0.0001
14380,4,124,34.90510559082031,0.16514819860458374,34.73995590209961,0.0001
14400,4,144,35.07048034667969,0.33109015226364136,34.7393913269043,0.0001
14420,4,164,35.11130905151367,0.37158405780792236,34.739723205566406,0.0001
14440,4,184,34.909271240234375,0.17027878761291504,34.738990783691406,0.0001
14460,4,204,35.03843688964844,0.29935184121131897,34.73908615112305,0.0001
14480,4,224,34.86024475097656,0.12063858658075333,34.73960494995117,0.0001
14500,4,244,35.101749420166016,0.36271634697914124,34.73903274536133,0.0001
14520,4,264,34.9942626953125,0.2552473545074463,34.739013671875,0.0001
14540,4,284,34.95944595336914,0.22031909227371216,34.73912811279297,0.0001
14560,4,304,35.03085708618164,0.29179617762565613,34.73905944824219,0.0001
14580,4,324,34.905391693115234,0.16625499725341797,34.7391357421875,0.0001
14600,4,344,34.99859619140625,0.2580592930316925,34.740535736083984,0.0001
14620,4,364,35.02046203613281,0.28155040740966797,34.73891067504883,0.0001
14640,4,384,34.91618728637695,0.17698557674884796,34.739200592041016,0.0001
14660,4,404,35.08462142944336,0.3452959954738617,34.73932647705078,0.0001
14680,4,424,35.15727996826172,0.4167408347129822,34.74053955078125,0.0001
14700,4,444,34.980743408203125,0.24099847674369812,34.73974609375,0.0001
14720,4,464,35.04486846923828,0.30581602454185486,34.739051818847656,0.0001
14740,4,484,34.877628326416016,0.13839395344257355,34.739234924316406,0.0001
14760,4,504,35.01140594482422,0.2724076807498932,34.73899841308594,0.0001
14780,4,524,34.945255279541016,0.2059742957353592,34.739280700683594,0.0001
14800,4,544,34.8359489440918,0.09606550633907318,34.73988342285156,0.0001
14820,4,564,34.93537902832031,0.19615986943244934,34.739219665527344,0.0001
14840,4,584,34.84902572631836,0.11003702878952026,34.73898696899414,0.0001
14860,4,604,34.93854522705078,0.19927732646465302,34.7392692565918,0.0001
14880,4,624,34.872657775878906,0.1333257406949997,34.73933029174805,0.0001
14900,4,644,35.0349006652832,0.29573148488998413,34.73917007446289,0.0001
14920,4,664,34.92839813232422,0.1889478713274002,34.73944854736328,0.0001
14940,4,684,35.00688171386719,0.26769429445266724,34.73918914794922,0.0001
14960,4,704,34.887027740478516,0.1478237509727478,34.73920440673828,0.0001
14980,4,724,35.003116607666016,0.26422789692878723,34.738887786865234,0.0001
15000,4,744,35.04417419433594,0.3051287531852722,34.739044189453125,0.0001
15020,4,764,34.895599365234375,0.15665164589881897,34.738948822021484,0.0001
15040,4,784,34.9152717590332,0.1763438582420349,34.738929748535156,0.0001
15060,4,804,34.96586990356445,0.22681353986263275,34.73905563354492,0.0001
15080,4,824,35.0123405456543,0.2728143632411957,34.739524841308594,0.0001
15100,4,844,34.856388092041016,0.11578851193189621,34.7406005859375,0.0001
15120,4,864,34.889678955078125,0.15057490766048431,34.739105224609375,0.0001
15140,4,884,34.92654037475586,0.18754516541957855,34.73899459838867,0.0001
15160,4,904,34.9364128112793,0.1972256600856781,34.73918533325195,0.0001
15180,4,924,34.914947509765625,0.17600585520267487,34.73894119262695,0.0001
15200,4,944,35.053409576416016,0.3144407868385315,34.73896789550781,0.0001
15220,4,964,34.935665130615234,0.19629450142383575,34.73937225341797,0.0001
15240,4,984,35.06232833862305,0.3231821358203888,34.7391471862793,0.0001
15260,4,1004,34.90590286254883,0.16669470071792603,34.73920822143555,0.0001
15280,4,1024,34.98013687133789,0.23962023854255676,34.740516662597656,0.0001
15300,4,1044,34.94649887084961,0.20744892954826355,34.739051818847656,0.0001
15320,4,1064,34.875335693359375,0.13641202449798584,34.738922119140625,0.0001
15340,4,1084,34.93259811401367,0.19341525435447693,34.73918151855469,0.0001
15360,4,1104,35.16871643066406,0.4294240474700928,34.73929214477539,0.0001
15380,4,1124,35.06523132324219,0.3261367976665497,34.73909378051758,0.0001
15400,4,1144,34.83427810668945,0.09519502520561218,34.73908233642578,0.0001
15420,4,1164,35.06190872192383,0.322203665971756,34.73970413208008,0.0001
15440,4,1184,34.99173355102539,0.25239092111587524,34.739341735839844,0.0001
15460,4,1204,35.08182144165039,0.3412681818008423,34.74055480957031,0.0001
15480,4,1224,35.1285400390625,0.38976165652275085,34.73877716064453,0.0001
15500,4,1244,34.88772201538086,0.1485472172498703,34.739173889160156,0.0001
15520,4,1264,34.9427375793457,0.20351122319698334,34.739227294921875,0.0001
15540,4,1284,35.03547668457031,0.29631856083869934,34.739158630371094,0.0001
15560,4,1304,34.990203857421875,0.25122860074043274,34.738975524902344,0.0001
15580,4,1324,34.93252944946289,0.1933547407388687,34.739173889160156,0.0001
15600,4,1344,34.897804260253906,0.15897700190544128,34.738826751708984,0.0001
15620,4,1364,34.853694915771484,0.11489273607730865,34.73880386352539,0.0001
15640,4,1384,35.079315185546875,0.34013843536376953,34.73917770385742,0.0001
15660,4,1404,35.368736267089844,0.629741907119751,34.73899459838867,0.0001
15680,4,1424,34.95065689086914,0.21166005730628967,34.73899841308594,0.0001
15700,4,1444,35.09915542602539,0.3604030907154083,34.73875045776367,0.0001
15720,4,1464,34.967647552490234,0.22848330438137054,34.73916244506836,0.0001
15740,4,1484,34.875274658203125,0.1363818645477295,34.7388916015625,0.0001
15760,4,1504,35.08012771606445,0.3409925401210785,34.7391357421875,0.0001
15780,4,1524,34.86154556274414,0.12257692217826843,34.73896789550781,0.0001
15800,4,1544,34.9742431640625,0.2348603457212448,34.739383697509766,0.0001
15820,4,1564,34.842124938964844,0.10309135168790817,34.73903274536133,0.0001
15840,4,1584,35.041385650634766,0.30219483375549316,34.73918914794922,0.0001
15860,4,1604,34.97896194458008,0.23985303938388824,34.73910903930664,0.0001
15880,4,1624,34.91221237182617,0.17314626276493073,34.73906707763672,0.0001
15900,4,1644,34.911563873291016,0.17246684432029724,34.739097595214844,0.0001
15920,4,1664,34.9887809753418,0.24947144091129303,34.73931121826172,0.0001
15940,4,1684,35.1799201965332,0.4410139322280884,34.73890686035156,0.0001
15960,4,1704,35.039459228515625,0.3003820776939392,34.739078521728516,0.0001
15980,4,1724,34.95854568481445,0.2195795774459839,34.73896789550781,0.0001
16000,4,1744,34.95918273925781,0.22030320763587952,34.7388801574707,0.0001
16020,4,1764,34.871395111083984,0.1320543885231018,34.739341735839844,0.0001
16040,4,1784,34.91352081298828,0.17468450963497162,34.73883819580078,0.0001
16060,4,1804,34.91419982910156,0.17529499530792236,34.7389030456543,0.0001
16080,4,1824,34.932918548583984,0.193644180893898,34.73927307128906,0.0001
16100,4,1844,34.8988151550293,0.1600598692893982,34.73875427246094,0.0001
16120,4,1864,34.90081024169922,0.1618923842906952,34.73891830444336,0.0001
16140,4,1884,34.87947463989258,0.14042577147483826,34.73904800415039,0.0001
16160,4,1904,34.9012336730957,0.16234850883483887,34.73888397216797,0.0001
16180,4,1924,34.88786315917969,0.14863049983978271,34.73923110961914,0.0001
16200,4,1944,34.95867156982422,0.21968942880630493,34.738983154296875,0.0001
16220,4,1964,35.0632438659668,0.324276864528656,34.73896789550781,0.0001
16240,4,1984,34.87885665893555,0.13967348635196686,34.73918151855469,0.0001
16260,4,2004,35.02824020385742,0.28933292627334595,34.73890686035156,0.0001
16280,4,2024,34.85598373413086,0.11706500500440598,34.73891830444336,0.0001
16300,4,2044,34.968868255615234,0.22984029352664948,34.73902893066406,0.0001
16320,4,2064,34.9446907043457,0.20563501119613647,34.73905563354492,0.0001
16340,4,2084,35.08795166015625,0.3483387231826782,34.7396125793457,0.0001
16360,4,2104,35.139488220214844,0.4003678560256958,34.73912048339844,0.0001
16380,4,2124,34.88946533203125,0.15062227845191956,34.73884201049805,0.0001
16400,4,2144,34.83351135253906,0.09463785588741302,34.73887252807617,0.0001
16420,4,2164,35.02726745605469,0.28782060742378235,34.73944854736328,0.0001
16440,4,2184,34.875797271728516,0.13689416646957397,34.7389030456543,0.0001
16460,4,2204,34.88454818725586,0.14561939239501953,34.738929748535156,0.0001
16480,4,2224,34.86824035644531,0.12901893258094788,34.739219665527344,0.0001
16500,4,2244,34.93205261230469,0.1931702196598053,34.73888397216797,0.0001
16520,4,2264,35.15245056152344,0.4131390452384949,34.73931121826172,0.0001
16540,4,2284,35.055267333984375,0.3154115676879883,34.7398567199707,0.0001
16560,4,2304,35.053585052490234,0.3148305118083954,34.73875427246094,0.0001
16580,4,2324,34.9526481628418,0.21376439929008484,34.73888397216797,0.0001
16600,4,2344,35.10316467285156,0.36412912607192993,34.739036560058594,0.0001
16620,4,2364,34.931854248046875,0.19297030568122864,34.73888397216797,0.0001
16640,4,2384,34.902889251708984,0.16362302005290985,34.73926544189453,0.0001
16660,4,2404,34.900787353515625,0.16196787357330322,34.73881912231445,0.0001
16680,4,2424,35.13111877441406,0.3882180452346802,34.74290084838867,0.0001
16700,4,2444,34.986270904541016,0.247257262468338,34.739013671875,0.0001
16720,4,2464,35.11933898925781,0.3795962333679199,34.739742279052734,0.0001
16740,4,2484,34.97544860839844,0.23612399399280548,34.73932647705078,0.0001
16760,4,2504,34.90201950073242,0.162466362118721,34.73955154418945,0.0001
16780,4,2524,34.97507858276367,0.2358960658311844,34.73918151855469,0.0001
16800,4,2544,34.99178695678711,0.25281187891960144,34.738975524902344,0.0001
16820,4,2564,34.915775299072266,0.17669202387332916,34.73908233642578,0.0001
16840,4,2584,35.4405517578125,0.7013680338859558,34.73918533325195,0.0001
16860,4,2604,34.811195373535156,0.07233059406280518,34.73886489868164,0.0001
16880,4,2624,34.99211502075195,0.25314074754714966,34.738975524902344,0.0001
16900,4,2644,34.96513748168945,0.226228266954422,34.73891067504883,0.0001
16920,4,2664,34.90321731567383,0.164372980594635,34.73884582519531,0.0001
16940,4,2684,34.97795867919922,0.23919734358787537,34.73876190185547,0.0001
16960,4,2704,34.9579963684082,0.21910007297992706,34.738895416259766,0.0001
16980,4,2724,34.89619064331055,0.1573689579963684,34.73882293701172,0.0001
17000,4,2744,34.83460235595703,0.09577292948961258,34.73883056640625,0.0001
17020,4,2764,34.889793395996094,0.15078005194664001,34.739013671875,0.0001
17040,4,2784,34.95460891723633,0.21554464101791382,34.73906326293945,0.0001
17060,4,2804,34.86852264404297,0.12951608002185822,34.73900604248047,0.0001
17080,4,2824,34.87777328491211,0.1385982781648636,34.739173889160156,0.0001
17100,4,2844,34.94838333129883,0.20953431725502014,34.73884963989258,0.0001
17120,4,2864,34.954898834228516,0.21602074801921844,34.73887634277344,0.0001
17140,4,2884,34.98871612548828,0.24964171648025513,34.73907470703125,0.0001
17160,4,2904,34.88469696044922,0.14572227001190186,34.738975524902344,0.0001
17180,4,2924,34.9286003112793,0.18974432349205017,34.73885726928711,0.0001
17200,4,2944,34.97737503051758,0.23857352137565613,34.738800048828125,0.0001
17220,4,2964,34.853485107421875,0.11458651721477509,34.73889923095703,0.0001
17240,4,2984,35.11098861694336,0.37193968892097473,34.73904800415039,0.0001
17260,4,3004,34.95955276489258,0.22084547579288483,34.73870849609375,0.0001
17280,4,3024,34.95684814453125,0.21734723448753357,34.739501953125,0.0001
17300,4,3044,34.96408462524414,0.22525613009929657,34.738826751708984,0.0001
17320,4,3064,34.86191177368164,0.12286727130413055,34.739044189453125,0.0001
17340,4,3084,34.85891342163086,0.11991659551858902,34.73899841308594,0.0001
17360,4,3104,35.12052917480469,0.3816000521183014,34.738929748535156,0.0001
17380,4,3124,35.143192291259766,0.40428102016448975,34.73891067504883,0.0001
17400,4,3144,34.82291030883789,0.08407506346702576,34.738834381103516,0.0001
17420,4,3164,34.90666580200195,0.16786274313926697,34.73880386352539,0.0001
17440,4,3184,34.86350631713867,0.12456484884023666,34.73894119262695,0.0001
17460,4,3204,35.0418815612793,0.3026838004589081,34.73919677734375,0.0001
17480,4,3224,34.94710922241211,0.208149254322052,34.73896026611328,0.0001
17500,4,3244,35.125038146972656,0.3861064314842224,34.73893356323242,0.0001
17520,4,3264,34.932533264160156,0.19360148906707764,34.73893356323242,0.0001
17540,4,3284,34.921634674072266,0.18281684815883636,34.73881912231445,0.0001
17560,4,3304,35.07909393310547,0.34006306529045105,34.73903274536133,0.0001
17580,4,3324,34.94640350341797,0.2073313593864441,34.739070892333984,0.0001
17600,4,3344,34.90568542480469,0.1667613685131073,34.73892593383789,0.0001
17620,4,3364,34.985538482666016,0.246619313955307,34.73891830444336,0.0001
17640,4,3384,34.9134635925293,0.1742856204509735,34.73917770385742,0.0001
17660,4,3404,35.13574981689453,0.3968495726585388,34.73889923095703,0.0001
17680,4,3424,34.99131774902344,0.25215327739715576,34.739166259765625,0.0001
17700,4,3444,35.15912628173828,0.4202899634838104,34.73883819580078,0.0001
17720,4,3464,35.20002365112305,0.46111202239990234,34.73891067504883,0.0001
17740,4,3484,34.97114562988281,0.2321653962135315,34.73897933959961,0.0001
17760,4,3504,34.89295196533203,0.15422192215919495,34.738731384277344,0.0001
17780,4,3524,34.97028350830078,0.23079386353492737,34.7394905090332,0.0001
17800,4,3544,35.14928436279297,0.4100096821784973,34.73927307128906,0.0001
17820,4,3564,34.92789077758789,0.18914282321929932,34.738746643066406,0.0001
17840,4,3584,35.11263656616211,0.37362390756607056,34.739013671875,0.0001
17860,4,3604,34.95030975341797,0.21128231287002563,34.73902893066406,0.0001
17880,4,3624,34.868141174316406,0.12941230833530426,34.73872756958008,0.0001
17900,4,3644,35.24476623535156,0.5059736371040344,34.738792419433594,0.0001
17920,4,3664,34.978126525878906,0.2394331991672516,34.73869323730469,0.0001
17940,4,3684,35.05060577392578,0.31181851029396057,34.73878860473633,0.0001
17960,4,3704,35.169517517089844,0.430686354637146,34.73883056640625,0.0001
17980,4,3724,34.95334243774414,0.21458320319652557,34.7387580871582,0.0001
18000,4,3744,34.97703170776367,0.23833626508712769,34.73869705200195,0.0001
18020,4,3764,34.988746643066406,0.24950940907001495,34.73923873901367,0.0001
18040,4,3784,35.251953125,0.5130044221878052,34.738948822021484,0.0001
18060,4,3804,34.93215560913086,0.19209016859531403,34.74006652832031,0.0001
18080,4,3824,35.094261169433594,0.3554080128669739,34.738853454589844,0.0001
18100,4,3844,34.87398147583008,0.13504087924957275,34.73894119262695,0.0001
18120,4,3864,34.86884307861328,0.13008396327495575,34.7387580871582,0.0001
18140,4,3884,35.2915153503418,0.5526251196861267,34.7388916015625,0.0001
18160,4,3904,35.01507568359375,0.2763478755950928,34.73872756958008,0.0001
18180,4,3924,34.99519348144531,0.2564702332019806,34.73872375488281,0.0001
18200,4,3944,35.0556755065918,0.31688007712364197,34.73879623413086,0.0001
18220,4,3964,34.90971755981445,0.17062042653560638,34.739097595214844,0.0001
18240,4,3984,35.02736282348633,0.2884361743927002,34.73892593383789,0.0001
18260,4,4004,35.03791427612305,0.29910385608673096,34.73881149291992,0.0001
18280,4,4024,34.92947006225586,0.19062890112400055,34.73884201049805,0.0001
18300,4,4044,35.08452224731445,0.3451807498931885,34.739341735839844,0.0001
18320,4,4064,34.902671813964844,0.16375888884067535,34.738914489746094,0.0001
18340,4,4084,34.9503059387207,0.21098145842552185,34.739322662353516,0.0001
18360,4,4104,35.10662078857422,0.3668913245201111,34.73973083496094,0.0001
18380,4,4124,35.1125373840332,0.37346816062927246,34.739070892333984,0.0001
18400,4,4144,34.79182434082031,0.05304114520549774,34.73878479003906,0.0001
18420,4,4164,34.81449508666992,0.07571842521429062,34.73877716064453,0.0001
18440,4,4184,35.19152069091797,0.4525965750217438,34.73892593383789,0.0001
18460,4,4204,35.01055145263672,0.27164363861083984,34.73890686035156,0.0001
18480,4,4224,35.12459945678711,0.3852725625038147,34.73932647705078,0.0001
18500,4,4244,35.00239181518555,0.2633052170276642,34.73908615112305,0.0001
18520,4,4264,35.03436279296875,0.295456200838089,34.73890686035156,0.0001
18540,4,4284,34.82951736450195,0.09076584875583649,34.73875045776367,0.0001
18560,4,4304,35.026668548583984,0.2877737879753113,34.738895416259766,0.0001
18580,4,4324,34.97099304199219,0.23196469247341156,34.73902893066406,0.0001
18600,4,4344,35.00852584838867,0.2693670392036438,34.739158630371094,0.0001
18620,4,4364,34.87810134887695,0.13926135003566742,34.73883819580078,0.0001
18640,4,4384,34.95269775390625,0.20468759536743164,34.748008728027344,0.0001
18660,4,4404,34.85456085205078,0.11548443138599396,34.73907470703125,0.0001
18680,4,4424,34.94328689575195,0.20426803827285767,34.739017486572266,0.0001
18700,4,4444,34.79356002807617,0.05475904047489166,34.738800048828125,0.0001
18720,4,4464,34.85844039916992,0.11967238783836365,34.73876953125,0.0001
18740,4,4484,35.05015563964844,0.31107833981513977,34.739078521728516,0.0001
18760,4,4504,34.79275894165039,0.05389974266290665,34.738861083984375,0.0001
18780,4,4524,35.029502868652344,0.2904811501502991,34.73902130126953,0.0001
18800,4,4544,34.92353820800781,0.1847003847360611,34.73883819580078,0.0001
18820,4,4564,34.937782287597656,0.1990002691745758,34.7387809753418,0.0001
18840,4,4584,35.035987854003906,0.29682281613349915,34.739166259765625,0.0001
18860,4,4604,35.07725524902344,0.3382883667945862,34.73896789550781,0.0001
18880,4,4624,34.80313491821289,0.06421515345573425,34.73891830444336,0.0001
18900,4,4644,34.84989929199219,0.11111722141504288,34.7387809753418,0.0001
18920,4,4664,34.900390625,0.16148832440376282,34.7389030456543,0.0001
18940,4,4684,35.04283905029297,0.3039742708206177,34.73886489868164,0.0001
18960,4,4704,34.86252212524414,0.12378361821174622,34.738739013671875,0.0001
18980,4,4724,34.83476257324219,0.09594400972127914,34.73881912231445,0.0001
19000,4,4744,34.947792053222656,0.20886972546577454,34.738922119140625,0.0001
19020,5,12,34.806217193603516,0.06744791567325592,34.73876953125,0.0001
19040,5,32,34.82490921020508,0.08606263995170593,34.73884582519531,0.0001
19060,5,52,35.03755187988281,0.2983788549900055,34.739173889160156,0.0001
19080,5,72,34.79830551147461,0.05935559794306755,34.738948822021484,0.0001
19100,5,92,35.15980529785156,0.4199097156524658,34.73989486694336,0.0001
19120,5,112,34.98064041137695,0.24182063341140747,34.73881912231445,0.0001
19140,5,132,34.80607223510742,0.06729939579963684,34.738773345947266,0.0001
19160,5,152,34.90363693237305,0.16477367281913757,34.73886489868164,0.0001
19180,5,172,35.01887893676758,0.2795979678630829,34.739280700683594,0.0001
19200,5,192,34.87340545654297,0.13451138138771057,34.738895416259766,0.0001
19220,5,212,34.86672592163086,0.1279963105916977,34.738731384277344,0.0001
19240,5,232,34.97709655761719,0.23791691660881042,34.73918151855469,0.0001
19260,5,252,34.861637115478516,0.12200961261987686,34.739627838134766,0.0001
19280,5,272,34.852596282958984,0.11379033327102661,34.738807678222656,0.0001
19300,5,292,34.83203125,0.09283503890037537,34.73919677734375,0.0001
19320,5,312,34.95534896850586,0.21637554466724396,34.73897171020508,0.0001
19340,5,332,35.067562103271484,0.32872384786605835,34.73883819580078,0.0001
19360,5,352,34.901527404785156,0.1625526249408722,34.738975524902344,0.0001
19380,5,372,35.1151237487793,0.37612345814704895,34.73899841308594,0.0001
19400,5,392,35.06257629394531,0.3237033188343048,34.73887252807617,0.0001
19420,5,412,35.10063934326172,0.36134445667266846,34.739295959472656,0.0001
19440,5,432,34.916839599609375,0.174629807472229,34.742210388183594,0.0001
19460,5,452,34.83992004394531,0.101165771484375,34.73875427246094,0.0001
19480,5,472,34.876564025878906,0.13781723380088806,34.738746643066406,0.0001
19500,5,492,35.08440017700195,0.3445093631744385,34.739891052246094,0.0001
19520,5,512,35.124874114990234,0.38607123494148254,34.73880386352539,0.0001
19540,5,532,34.782676696777344,0.04380253329873085,34.73887252807617,0.0001
19560,5,552,34.81972885131836,0.08074960112571716,34.73897933959961,0.0001
19580,5,572,34.954830169677734,0.2160620391368866,34.73876953125,0.0001
19600,5,592,34.84646987915039,0.10766036063432693,34.738807678222656,0.0001
19620,5,612,34.91693878173828,0.17812761664390564,34.73881149291992,0.0001
19640,5,632,34.99705505371094,0.2583441436290741,34.738712310791016,0.0001
19660,5,652,35.02683639526367,0.2880823612213135,34.73875427246094,0.0001
19680,5,672,34.95333480834961,0.21465837955474854,34.738677978515625,0.0001
19700,5,692,34.88894271850586,0.1502557396888733,34.738685607910156,0.0001
19720,5,712,34.972801208496094,0.23401685059070587,34.73878479003906,0.0001
19740,5,732,34.97563934326172,0.2368742972612381,34.738765716552734,0.0001
19760,5,752,34.90195083618164,0.16318559646606445,34.738765716552734,0.0001
19780,5,772,34.917484283447266,0.17824546992778778,34.73923873901367,0.0001
19800,5,792,34.89701843261719,0.15814507007598877,34.73887252807617,0.0001
19820,5,812,35.12006378173828,0.3813471794128418,34.73871612548828,0.0001
19840,5,832,34.84135818481445,0.10259337723255157,34.738765716552734,0.0001
19860,5,852,34.93027114868164,0.19155335426330566,34.73871612548828,0.0001
19880,5,872,34.883365631103516,0.14467355608940125,34.73869323730469,0.0001
19900,5,892,34.82547378540039,0.08676198124885559,34.738712310791016,0.0001
19920,5,912,34.92902374267578,0.19026760756969452,34.73875427246094,0.0001
19940,5,932,34.865394592285156,0.12631076574325562,34.73908233642578,0.0001
19960,5,952,34.92277908325195,0.18396270275115967,34.73881530761719,0.0001
19980,5,972,34.89921951293945,0.16045993566513062,34.7387580871582,0.0001
20000,5,992,34.86081314086914,0.12214228510856628,34.738670349121094,0.0001
20020,5,1012,35.165748596191406,0.42680221796035767,34.73894500732422,0.0001
20040,5,1032,35.129215240478516,0.39016905426979065,34.73904800415039,0.0001
20060,5,1052,34.80683517456055,0.06811223179101944,34.73872375488281,0.0001
20080,5,1072,34.8988151550293,0.1583293378353119,34.74048614501953,0.0001
20100,5,1092,34.984825134277344,0.24617157876491547,34.73865509033203,0.0001
20120,5,1112,34.998844146728516,0.26006871461868286,34.73877716064453,0.0001
20140,5,1132,34.865814208984375,0.1270923614501953,34.73871994018555,0.0001
20160,5,1152,34.880374908447266,0.14165610074996948,34.73871994018555,0.0001
20180,5,1172,34.936431884765625,0.19766955077648163,34.73876190185547,0.0001
20200,5,1192,34.85502624511719,0.11617495119571686,34.73884963989258,0.0001
20220,5,1212,34.85944366455078,0.12041972577571869,34.7390251159668,0.0001
20240,5,1232,34.979915618896484,0.24121226370334625,34.738704681396484,0.0001
20260,5,1252,34.79301452636719,0.05437981337308884,34.7386360168457,0.0001
20280,5,1272,34.948638916015625,0.2099512219429016,34.73868942260742,0.0001
20300,5,1292,34.95673751831055,0.21773794293403625,34.73899841308594,0.0001
20320,5,1312,34.8887939453125,0.15013456344604492,34.7386589050293,0.0001
20340,5,1332,34.94459533691406,0.2057623416185379,34.738834381103516,0.0001
20360,5,1352,34.83758544921875,0.09879937767982483,34.73878479003906,0.0001
20380,5,1372,34.9974250793457,0.25862541794776917,34.738800048828125,0.0001
20400,5,1392,34.87146759033203,0.13277502357959747,34.73869323730469,0.0001
20420,5,1412,34.82181167602539,0.08308066427707672,34.738731384277344,0.0001
20440,5,1432,35.033382415771484,0.29456838965415955,34.73881530761719,0.0001
20460,5,1452,34.782936096191406,0.04422590881586075,34.73870849609375,0.0001
20480,5,1472,34.86223602294922,0.12351951748132706,34.73871612548828,0.0001
20500,5,1492,34.75449752807617,0.015796303749084473,34.73870086669922,0.0001
20520,5,1512,34.895023345947266,0.15632084012031555,34.73870086669922,0.0001
20540,5,1532,34.8785285949707,0.13897310197353363,34.73955535888672,0.0001
20560,5,1552,34.910499572753906,0.17175866663455963,34.738739013671875,0.0001
20580,5,1572,34.83574295043945,0.09669924527406693,34.739044189453125,0.0001
20600,5,1592,34.81869125366211,0.07999154925346375,34.73870086669922,0.0001
20620,5,1612,34.974327087402344,0.2339594066143036,34.7403678894043,0.0001
20640,5,1632,34.851436614990234,0.11264178156852722,34.73879623413086,0.0001
20660,5,1652,34.7949104309082,0.05605696886777878,34.738853454589844,0.0001
20680,5,1672,34.96232986450195,0.22331055998802185,34.739017486572266,0.0001
20700,5,1692,35.26571273803711,0.5268809199333191,34.73883056640625,0.0001
20720,5,1712,35.09933090209961,0.36052072048187256,34.73881149291992,0.0001
20740,5,1732,34.946468353271484,0.20769205689430237,34.73877716064453,0.0001
20760,5,1752,34.77676010131836,0.03810850530862808,34.738651275634766,0.0001
20780,5,1772,34.89886474609375,0.16018128395080566,34.73868179321289,0.0001
20800,5,1792,34.984649658203125,0.24597176909446716,34.738677978515625,0.0001
20820,5,1812,34.83684158325195,0.09819070994853973,34.738651275634766,0.0001
20840,5,1832,35.15264892578125,0.4138202667236328,34.73883056640625,0.0001
20860,5,1852,35.0988655090332,0.3599952161312103,34.738868713378906,0.0001
20880,5,1872,34.924163818359375,0.18557430803775787,34.738590240478516,0.0001
20900,5,1892,34.9276237487793,0.18894466757774353,34.738677978515625,0.0001
20920,5,1912,34.857791900634766,0.11905255168676376,34.738739013671875,0.0001
20940,5,1932,35.02694320678711,0.2882179021835327,34.73872375488281,0.0001
20960,5,1952,35.14205551147461,0.40332460403442383,34.738731384277344,0.0001
20980,5,1972,34.90778732299805,0.16900664567947388,34.7387809753418,0.0001
21000,5,1992,34.858097076416016,0.11937257647514343,34.73872375488281,0.0001
21020,5,2012,34.754695892333984,0.015893256291747093,34.73880386352539,0.0001
21040,5,2032,35.05275344848633,0.3139784634113312,34.738773345947266,0.0001
21060,5,2052,34.87550354003906,0.13674063980579376,34.73876190185547,0.0001
21080,5,2072,34.87948226928711,0.140908882021904,34.73857498168945,0.0001
21100,5,2092,34.821441650390625,0.0828341692686081,34.738609313964844,0.0001
21120,5,2112,34.83066940307617,0.09194736182689667,34.73872375488281,0.0001
21140,5,2132,34.83556365966797,0.09691564738750458,34.7386474609375,0.0001
21160,5,2152,34.908424377441406,0.1697324961423874,34.73869323730469,0.0001
21180,5,2172,34.81875228881836,0.08013053238391876,34.73862075805664,0.0001
21200,5,2192,35.01355743408203,0.27497735619544983,34.73857879638672,0.0001
21220,5,2212,34.88351821899414,0.1449194848537445,34.73859786987305,0.0001
21240,5,2232,34.92121505737305,0.18266069889068604,34.738555908203125,0.0001
21260,5,2252,35.14307403564453,0.40450912714004517,34.738563537597656,0.0001
21280,5,2272,34.98124694824219,0.24234023690223694,34.73890686035156,0.0001
21300,5,2292,34.82347106933594,0.08486147969961166,34.738609313964844,0.0001
21320,5,2312,35.06600570678711,0.3273065686225891,34.73870086669922,0.0001
21340,5,2332,34.91878890991211,0.1799006462097168,34.738887786865234,0.0001
21360,5,2352,34.80302429199219,0.06444450467824936,34.73857879638672,0.0001
21380,5,2372,35.12578582763672,0.3871029019355774,34.73868179321289,0.0001
21400,5,2392,34.82984161376953,0.09122133255004883,34.73862075805664,0.0001
21420,5,2412,34.862945556640625,0.1240186095237732,34.73892593383789,0.0001
21440,5,2432,34.979305267333984,0.24045062065124512,34.738853454589844,0.0001
21460,5,2452,35.1205940246582,0.3819822072982788,34.73861312866211,0.0001
21480,5,2472,34.8733024597168,0.13446316123008728,34.73883819580078,0.0001
21500,5,2492,35.03658676147461,0.29788970947265625,34.73869705200195,0.0001
21520,5,2512,34.87636947631836,0.13777881860733032,34.738590240478516,0.0001
21540,5,2532,34.890750885009766,0.15211907029151917,34.73863220214844,0.0001
21560,5,2552,34.91025161743164,0.17151053249835968,34.73874282836914,0.0001
21580,5,2572,35.008689880371094,0.27006345987319946,34.738624572753906,0.0001
21600,5,2592,34.9513053894043,0.21271386742591858,34.738590240478516,0.0001
21620,5,2612,34.85868453979492,0.12004578113555908,34.73863983154297,0.0001
21640,5,2632,34.8245849609375,0.08586572110652924,34.73871994018555,0.0001
21660,5,2652,34.94924545288086,0.21047303080558777,34.738773345947266,0.0001
21680,5,2672,34.86332321166992,0.12466458231210709,34.7386589050293,0.0001
21700,5,2692,34.83143997192383,0.0924798920750618,34.73896026611328,0.0001
21720,5,2712,34.975250244140625,0.2365003228187561,34.73875045776367,0.0001
21740,5,2732,34.992191314697266,0.2535593807697296,34.73863220214844,0.0001
21760,5,2752,34.865882873535156,0.12729628384113312,34.73858642578125,0.0001
21780,5,2772,35.12797164916992,0.3893774747848511,34.73859405517578,0.0001
21800,5,2792,34.985755920410156,0.2471233308315277,34.73863220214844,0.0001
21820,5,2812,34.94852066040039,0.2098499834537506,34.738670349121094,0.0001
21840,5,2832,34.85655975341797,0.117965467274189,34.73859405517578,0.0001
21860,5,2852,34.863765716552734,0.12517036497592926,34.73859405517578,0.0001
21880,5,2872,34.923072814941406,0.18440178036689758,34.738670349121094,0.0001
21900,5,2892,34.76933288574219,0.030733784660696983,34.73859786987305,0.0001
21920,5,2912,35.106910705566406,0.36827945709228516,34.73863220214844,0.0001
21940,5,2932,34.92833709716797,0.18975800275802612,34.73857879638672,0.0001
21960,5,2952,35.00117492675781,0.26253852248191833,34.7386360168457,0.0001
21980,5,2972,34.9637565612793,0.2251635491847992,34.73859405517578,0.0001
22000,5,2992,35.01311492919922,0.27447712421417236,34.7386360168457,0.0001
22020,5,3012,35.05237579345703,0.31373417377471924,34.73863983154297,0.0001
22040,5,3032,34.85324478149414,0.11459580063819885,34.7386474609375,0.0001
22060,5,3052,34.92030334472656,0.1816398948431015,34.73866271972656,0.0001
22080,5,3072,34.86912155151367,0.13028788566589355,34.738834381103516,0.0001
22100,5,3092,34.805294036865234,0.06672374904155731,34.73857116699219,0.0001
22120,5,3112,34.79762649536133,0.05906418710947037,34.738563537597656,0.0001
22140,5,3132,34.86650466918945,0.12788906693458557,34.738616943359375,0.0001
22160,5,3152,35.22465896606445,0.4860171973705292,34.738643646240234,0.0001
22180,5,3172,34.830772399902344,0.09217000007629395,34.73860168457031,0.0001
22200,5,3192,35.0070915222168,0.26841068267822266,34.73868179321289,0.0001
22220,5,3212,34.90249252319336,0.1638832837343216,34.738609313964844,0.0001
22240,5,3232,34.84311294555664,0.10435093194246292,34.73876190185547,0.0001
22260,5,3252,34.82427978515625,0.08573051542043686,34.738548278808594,0.0001
22280,5,3272,34.797088623046875,0.0584549605846405,34.73863220214844,0.0001
22300,5,3292,34.945838928222656,0.20650538802146912,34.73933410644531,0.0001
22320,5,3312,34.829383850097656,0.09079980850219727,34.738582611083984,0.0001
22340,5,3332,34.808040618896484,0.06945251673460007,34.73858642578125,0.0001
22360,5,3352,34.88945770263672,0.1507536619901657,34.738704681396484,0.0001
22380,5,3372,34.799705505371094,0.06111361086368561,34.738590240478516,0.0001
22400,5,3392,35.23564147949219,0.49681180715560913,34.73883056640625,0.0001
22420,5,3412,35.04730224609375,0.30872219800949097,34.73857879638672,0.0001
22440,5,3432,34.863338470458984,0.12469437718391418,34.738643646240234,0.0001
22460,5,3452,34.87431716918945,0.13574929535388947,34.73856735229492,0.0001
22480,5,3472,34.981666564941406,0.243063822388649,34.73860168457031,0.0001
22500,5,3492,34.9788703918457,0.24028468132019043,34.73858642578125,0.0001
22520,5,3512,34.8397102355957,0.1010763868689537,34.73863220214844,0.0001
22540,5,3532,34.884681701660156,0.14464794099330902,34.74003219604492,0.0001
22560,5,3552,34.8282470703125,0.08962302654981613,34.738624572753906,0.0001
22580,5,3572,34.87367248535156,0.13511621952056885,34.738555908203125,0.0001
22600,5,3592,34.976600646972656,0.23799961805343628,34.73860168457031,0.0001
22620,5,3612,34.79079818725586,0.05217618867754936,34.73862075805664,0.0001
22640,5,3632,34.85588073730469,0.11731062829494476,34.73857116699219,0.0001
22660,5,3652,34.89573287963867,0.15717341005802155,34.73855972290039,0.0001
22680,5,3672,34.95423889160156,0.21566897630691528,34.73857116699219,0.0001
22700,5,3692,34.93621063232422,0.1975986510515213,34.73861312866211,0.0001
22720,5,3712,34.84278106689453,0.10415028780698776,34.73863220214844,0.0001
22740,5,3732,34.87593460083008,0.13730068504810333,34.73863220214844,0.0001
22760,5,3752,34.81839370727539,0.07985317707061768,34.73854064941406,0.0001
22780,5,3772,34.8050651550293,0.06648538261651993,34.73857879638672,0.0001
22800,5,3792,34.83390426635742,0.0952843725681305,34.73862075805664,0.0001
22820,5,3812,35.09059143066406,0.35196322202682495,34.73862838745117,0.0001
22840,5,3832,34.90457534790039,0.16597670316696167,34.73859786987305,0.0001
22860,5,3852,35.04990768432617,0.31134217977523804,34.73856735229492,0.0001
22880,5,3872,34.94688034057617,0.20832610130310059,34.738555908203125,0.0001
22900,5,3892,35.069210052490234,0.33059361577033997,34.738616943359375,0.0001
22920,5,3912,34.80533981323242,0.06678462773561478,34.738555908203125,0.0001
22940,5,3932,34.87605667114258,0.13748520612716675,34.73857116699219,0.0001
22960,5,3952,34.894901275634766,0.15611040592193604,34.738792419433594,0.0001
22980,5,3972,35.33879852294922,0.6001862287521362,34.73861312866211,0.0001
23000,5,3992,34.902198791503906,0.1636171191930771,34.738582611083984,0.0001
23020,5,4012,34.91828155517578,0.1797322928905487,34.738548278808594,0.0001
23040,5,4032,34.79034423828125,0.051818542182445526,34.738525390625,0.0001
23060,5,4052,34.89738082885742,0.15881724655628204,34.738563537597656,0.0001
23080,5,4072,34.9471435546875,0.20666071772575378,34.740482330322266,0.0001
23100,5,4092,35.04035568237305,0.30180656909942627,34.738548278808594,0.0001
23120,5,4112,34.863304138183594,0.12462487816810608,34.738677978515625,0.0001
23140,5,4132,34.9105110168457,0.17181964218616486,34.73869323730469,0.0001
23160,5,4152,35.06851577758789,0.32990941405296326,34.73860549926758,0.0001
23180,5,4172,34.8479118347168,0.10914017260074615,34.738773345947266,0.0001
23200,5,4192,34.84730529785156,0.1086745485663414,34.73863220214844,0.0001
23220,5,4212,34.95421600341797,0.21560737490653992,34.738609313964844,0.0001
23240,5,4232,34.98912048339844,0.25036948919296265,34.73875045776367,0.0001
23260,5,4252,34.88980484008789,0.15127837657928467,34.738525390625,0.0001
23280,5,4272,34.90935134887695,0.1707952916622162,34.738555908203125,0.0001
23300,5,4292,34.861602783203125,0.12274453788995743,34.73885726928711,0.0001
23320,5,4312,34.94541931152344,0.20668983459472656,34.73872756958008,0.0001
23340,5,4332,34.93368911743164,0.19502735137939453,34.73866271972656,0.0001
23360,5,4352,34.8632698059082,0.12376163899898529,34.73950958251953,0.0001
23380,5,4372,35.18750762939453,0.44889169931411743,34.738616943359375,0.0001
23400,5,4392,35.00877380371094,0.2695380449295044,34.739234924316406,0.0001
23420,5,4412,34.9891357421875,0.2504935562610626,34.738643646240234,0.0001
23440,5,4432,34.827117919921875,0.0884450376033783,34.73867416381836,0.0001
23460,5,4452,34.81383514404297,0.07527952641248703,34.738555908203125,0.0001
23480,5,4472,35.19768524169922,0.4590930938720703,34.73859405517578,0.0001
23500,5,4492,34.81084442138672,0.07219157367944717,34.738651275634766,0.0001
23520,5,4512,34.91221618652344,0.17363634705543518,34.73857879638672,0.0001
23540,5,4532,35.330780029296875,0.5920648574829102,34.73871612548828,0.0001
23560,5,4552,34.987083435058594,0.2485065460205078,34.73857879638672,0.0001
23580,5,4572,35.008975982666016,0.2703959345817566,34.73857879638672,0.0001
23600,5,4592,34.98885726928711,0.2501247227191925,34.738731384277344,0.0001
23620,5,4612,34.8359489440918,0.09736078977584839,34.73858642578125,0.0001
23640,5,4632,35.0043830871582,0.26580333709716797,34.73857879638672,0.0001
23660,5,4652,35.133487701416016,0.3949333727359772,34.738555908203125,0.0001
23680,5,4672,34.82572555541992,0.08715424686670303,34.73857116699219,0.0001
23700,5,4692,34.85630798339844,0.11777560412883759,34.73853302001953,0.0001
23720,5,4712,34.948875427246094,0.21029776334762573,34.73857879638672,0.0001
23740,5,4732,34.86260986328125,0.1239078938961029,34.73870086669922,0.0001
23760,5,4752,34.878173828125,0.03465859591960907,34.84351348876953,0.0001
